-3.375615418,3.632363144,1
-3.618828072,3.786278916,1
-3.485529933,0.464120842,0
-2.422183938,2.101776976,1
-2.12723525,2.142973209,1
0.656797504,-0.351245341,2
-3.769733661,1.688523181,0
-5.241004525,3.575867239,0
-2.289428516,-0.057197738,0
0.286449409,1.033041616,2
2.997770642,-3.127543415,2
0.746673915,-0.846672586,2
-3.119123579,1.104976378,0
0.84785715,-0.399795951,2
-3.458611315,1.62690878,0
-0.955587686,0.388278355,1
0.991928501,-0.282637281,2
1.012323867,-1.347154538,2
-3.204891505,1.073893128,0
-2.367211383,0.513251492,0
-3.130591138,0.686585008,0
1.388530385,-1.445342241,2
-3.476055749,1.556347972,0
-2.243598871,2.223194313,1
-2.086936718,-0.713541264,0
-3.093383934,3.186696853,1
2.260701974,-2.633805359,2
-2.31314596,2.197918795,1
1.301694707,-1.582332799,2
-2.553909247,-0.184246662,0
-2.805375496,2.427706754,1
-3.06239916,0.446136261,0
-2.978784086,2.744040928,1
1.677890354,-1.210115588,2
1.232243361,-1.183790249,2
1.16891723,-0.786125019,2
1.371890354,-1.800002319,2
-2.902712383,2.977469137,1
0.717256293,-0.555649512,2
-3.667337534,1.92105823,0
-4.468351235,2.448541103,0
-2.937150415,0.985621904,0
-2.769270609,2.30600487,1
-3.241143377,3.09983226,1
0.673806009,0.068956524,2
-2.546558553,0.236587596,0
0.16384138,0.194155826,2
-3.764876654,1.271242907,0
-2.724936599,2.307722097,1
-1.784857117,0.944526626,1
-1.716676117,1.427646241,1
-2.887894539,3.134497727,1
-3.125312526,1.207084417,0
-3.553137664,1.132288109,0
-3.60012184,4.325783794,1
0.870931449,-0.834969707,2
-2.8713608,0.621023234,0
-3.60421365,4.134365677,1
-2.097072813,1.711681715,1
-3.359288528,3.053042476,1
-2.177833113,1.982496436,1
-3.885900322,1.725930622,0
-2.274215483,3.011313344,1
1.830741187,-1.642304276,2
-2.195527657,2.342739177,1
-2.741979659,2.800174028,1
-3.089998986,0.791335391,0
1.038292025,-0.510284059,2
-3.081040547,2.863069297,1
-2.313628585,2.694068188,1
-2.588940277,2.405603781,1
-3.255668834,3.126609033,1
-2.978687324,3.108203469,1
1.585105126,-1.816484354,2
-2.925688338,0.796629684,0
-2.168424146,2.440357854,1
-2.471868121,2.794895102,1
-0.451281521,1.297756217,2
1.151283256,-0.687853116,2
-2.742032693,2.803024687,1
-3.04741824,0.812918413,0
-4.160938658,2.694906427,0
-2.247017257,1.693480534,1
0.29007522,0.146305331,2
-3.404035714,1.56924824,0
0.961803353,-0.924579454,2
1.522778797,-1.224417539,2
-3.299996468,0.929885473,0
-4.199504525,2.791934763,0
-3.866219438,2.0573396,0
2.544090228,-3.328175712,2
-4.348184385,4.8147217,1
1.075144622,-0.924224762,2
0.554789386,0.248894855,2
-3.500573564,3.552715778,1
-3.982674084,4.186504362,1
1.517459485,-1.362193868,2
-2.29772324,2.548226123,1
-2.283276915,2.142664445,1
-4.415328992,2.868089794,0
0.862592621,-0.557219579,2
-1.813522212,-0.493210828,0
-3.866672531,1.678858597,0
-2.712579751,2.940721544,1
-3.107947221,0.330736735,0
0.451382364,-0.472155898,2
-3.014455564,3.981671443,1
1.060934882,-1.096324485,2
-2.760572559,0.179954963,0
-2.531525932,2.18115394,1
0.234488024,0.022083031,2
-3.942319577,1.550954639,0
-2.966257273,0.549410379,0
-2.85579576,0.15818311,0
0.055917429,0.884305151,2
-1.291063909,0.889534583,1
0.81423819,-0.663330098,2
-3.487814414,4.275748503,1
-2.543544432,2.62205931,1
-4.399009764,2.806568266,0
0.856676801,-0.662083764,2
-3.863957458,4.627872082,1
0.655758117,0.021643843,2
-2.331675696,0.095418276,0
-1.982642921,1.519806569,1
1.295000362,-0.976872442,2
-3.701381824,4.527683925,1
-2.109454489,1.676195476,1
1.934228577,-1.950996867,2
-4.323411792,2.354172022,0
-3.077937588,0.380865366,0
1.892096973,-2.497092338,2
-1.789779351,-1.548078772,0
0.320476115,0.212899863,2
-2.024405386,2.148786414,1
-3.114727631,3.442714795,1
-3.22054326,1.398760208,0
1.364044721,-1.286180485,2
0.23693119,0.195193775,2
-3.271668383,3.245330006,1
-3.395978618,3.881327132,1
-3.084958087,3.602699092,1
-2.969386264,2.717776674,1
0.24017714,0.655241021,2
-1.91854194,1.528461513,1
-3.501636993,1.860219415,0
1.84604278,-2.27416874,2
-2.636246423,2.788495886,1
-3.039200887,0.394364321,0
0.736900309,-0.742447697,2
-1.799858022,1.092632798,1
-1.78593783,1.398260238,1
1.631112634,-1.779763175,2
-3.420422091,1.360540978,0
2.086287875,-2.088633079,2
1.61409139,-1.638336184,2
-3.18949431,1.148825511,0
1.743972399,-1.885941119,2
-2.75074275,0.470628198,0
2.081116181,-2.16478762,2
1.47353312,-1.400522667,2
1.30126557,-1.687734528,2
1.092425451,-1.403187388,2
0.697955356,-0.435302446,2
-4.835827843,3.211480472,0
-2.886553135,0.667264333,0
-2.22458813,2.605452788,1
-2.432546643,-0.70012397,0
-3.208666852,1.288451966,0
-3.407645317,3.629308923,1
-4.450780857,2.969224916,0
-2.792925779,1.198301796,0
-1.932833726,1.563356362,1
0.892370073,-0.400726503,2
-2.167455195,2.134622176,1
0.997079126,-0.910130299,2
-2.955707874,0.837750708,0
-2.648656786,2.854541782,1
-2.826575534,2.63595638,1
-3.055321895,3.12132016,1
-4.427555714,4.173091396,1
-3.153795587,0.697399006,0
0.517523826,-0.198638122,2
-1.988418248,1.722625683,1
-3.753779392,3.915931729,1
-3.58166502,3.639161044,1
-2.271856565,-0.165150598,0
-4.101469099,4.49663947,1
-1.997058234,2.267700468,1
-1.542669573,1.233492039,1
1.545396802,-1.591011778,2
-2.58317012,2.694482584,1
-2.870032932,0.835563105,0
-2.554880179,3.126612797,1
1.306641798,-1.393397214,2
-2.618002286,0.233828022,0
1.246921285,-1.629213566,2
-3.046061782,3.255253563,1
-3.826035529,1.405088976,0
0.745267045,-0.642349713,2
-3.172190542,1.528811328,0
1.283931445,-1.490466201,2
-4.340219663,4.422240345,1
-2.596256978,0.156406067,0
-2.683615154,0.606655585,0
-0.072311358,0.845524267,2
-3.47365362,3.696187939,1
-2.963815642,0.771571841,0
-4.11618528,1.718082536,0
-2.583688281,2.890175548,1
1.650498641,-1.438819373,2
0.342055415,0.086749231,2
-3.134902059,2.878084108,1
-3.504434365,1.403038272,0
0.638999397,0.030699353,2
-3.358806496,3.649325294,1
-3.596583262,4.228013947,1
-3.484131419,3.576972124,1
-2.731455508,0.817751135,0
-2.500780416,1.791747153,1
0.636133037,-0.267700128,2
1.185792295,-1.275636322,2
-2.565989668,-0.220524346,0
1.10913149,-0.949356898,2
0.312460183,0.104277698,2
-1.753148493,1.727909143,1
0.925541881,-0.785312367,2
-3.327274895,1.391879418,0
0.644557294,-0.277102377,2
1.978757435,-2.917560456,2
-2.829428238,2.38884454,1
-3.052283794,3.656706333,1
0.133296544,-0.263628013,2
-2.518511922,2.24368494,1
-1.956547429,1.977954004,1
-1.979984932,1.472400866,1
-2.86793663,0.219473573,0
-2.570704402,0.226748343,0
1.055211658,-0.848707903,2
-3.41930741,3.857753506,1
0.847074021,-0.377899303,2
-2.34589391,2.528465807,1
-2.029713554,1.674083474,1
-3.342144368,0.892115384,0
-3.159607835,0.802699048,0
1.294800491,-0.532118659,2
0.889060801,-0.744527626,2
-3.615116918,1.232823624,0
-3.188849726,3.794906025,1
0.782358022,-0.577746762,2
-3.235394701,0.592256666,0
-3.277896157,0.398181973,0
-3.213718893,1.306753182,0
-3.004645243,0.4893596,0
-2.584240314,-0.08111707,0
-2.777272743,-0.240066592,0
-2.256782155,-0.24987764,0
-2.558398407,2.514196856,1
0.907342424,-1.282650776,2
-3.021683743,2.85985424,1
-2.620575146,0.422991249,0
-2.298680402,2.213295149,1
-2.048497237,-0.737854761,0
0.712210687,-0.032943451,2
-2.368670576,0.047767247,0
0.763453751,-0.736299331,2
-2.519283342,-0.360984758,0
-1.8418491,-0.447869992,0
-2.254036579,2.475305931,1
-1.929961719,1.466786569,1
-3.326871243,1.01712517,0
0.307906091,0.169951307,2
-3.194782851,0.463378782,0
1.276545899,-1.17527361,2
1.464795722,-1.007690903,2
-2.975058473,2.721383064,1
-2.519969698,2.467824714,1
-4.048984283,1.970941043,0
-2.175611133,-0.078031525,0
-3.378023862,3.143592831,1
-3.701029548,1.10429072,0
-3.072295101,0.709761498,0
-2.414883147,0.278358497,0
-3.217165032,4.002651453,1
-2.874101964,3.003903162,1
0.115978802,-0.053636147,2
-2.805760996,2.517495139,1
-2.356887416,2.43594582,1
-2.24658794,-0.322954731,0
-2.551101636,0.486284007,0
-1.669386207,0.636777665,1
-2.642157859,0.404882409,0
1.552794605,-0.977156396,2
-3.286770953,3.77061127,1
-2.489608972,2.362048117,1
-3.728393387,1.613137342,0
-2.806293119,0.90222743,0
-3.316923928,3.352788584,1
0.759995792,-0.344250131,2
-3.244694712,1.696723766,0
-0.240000899,0.877239676,2
-2.809158695,2.933569291,1
0.62569891,-0.412651951,2
-3.81249337,4.20701804,1
-3.138838758,3.236299624,1
-3.436738416,1.607236899,0
-2.094536547,-0.32383964,0
1.227159839,-0.641804256,2
-3.756283648,1.331810763,0
1.476497214,-1.804964951,2
-1.333984569,0.809903202,1
3.218706107,-3.97161234,2
-2.215017985,-0.330100414,0
-3.34506275,3.844594295,1
0.962123426,-0.975041375,2
0.947210144,-0.917774029,2
-3.572503667,1.766658524,0
1.387647871,-1.568674095,2
1.333734725,-1.465763787,2
1.190129107,-1.279938706,2
-3.405092093,1.205264771,0
-2.697158221,3.138090045,1
1.978278182,-2.220866971,2
-2.020015884,-0.806354196,0
0.361241338,-0.381388981,2
-0.135388564,0.941626248,2
-2.018931979,-0.606713576,0
1.332970378,-1.945539417,2
-3.897286473,1.97107905,0
-2.755873675,0.563712647,0
-0.163375783,0.672612864,2
-2.076523069,2.140233845,1
-3.700766109,1.710139895,0
0.85574121,-1.032458896,2
-3.496554357,1.507861507,0
1.354442827,-1.131341175,2
-2.476384651,2.162410653,1
-2.283474075,2.078599109,1
1.327616996,-2.373260951,2
0.34597564,-0.391574429,2
-2.426553547,2.084133494,1
-2.696553722,0.108415484,0
-3.334696096,1.241555612,0
2.18743904,-2.192113149,2
-4.052103926,2.369251693,0
-2.505108328,-0.038790041,0
-2.344519332,0.299883953,0
-2.43274662,0.003427354,0
-2.690445637,0.678497681,0
-3.339275162,3.818573139,1
-1.313961372,1.037229914,1
-1.544788508,0.695932716,1
-1.46922906,0.916439661,1
0.886020641,-1.11763303,2
-2.855809466,2.970061219,1
-3.731512006,1.249492153,0
1.174860551,-1.240958148,2
1.906593108,-1.934145282,2
-3.703416062,2.020942032,0
-3.004622238,3.298645434,1
-2.84667106,3.091588552,1
-3.426137833,1.357713159,0
-3.219862484,0.924808195,0
-1.757491669,-1.085807465,0
-3.220384712,3.116314284,1
-2.865542762,3.278977272,1
0.146817311,0.289379261,2
-3.542311875,2.064027773,0
1.215948863,-1.048919833,2
-3.344659146,1.158755417,0
-3.945619883,1.241567791,0
-3.353503441,1.246525356,0
1.146708272,-1.289801248,2
0.485864247,-0.278063219,2
-2.582324809,2.810457448,1
-0.17504619,0.754740424,2
-2.317673856,2.627330511,1
0.051614241,0.68904852,2
1.742658562,-2.129780325,2
-4.38699877,2.369493875,0
0.194214492,0.331654677,2
-2.42650324,-0.249637416,0
1.203079371,-1.195739865,2
1.122529247,-1.04720614,2
1.01720685,-0.268142808,2
0.665544197,-0.82004242,2
-2.739855089,2.583674189,1
-1.423940496,-1.393001924,0
-2.029559853,1.739096955,1
-3.07914265,1.199608364,0
-2.74436707,0.544724335,0
-3.0090031,2.801937106,1
1.096672478,-0.567398696,2
-2.106686108,-0.293518076,0
-4.269602011,2.647470604,0
0.835091054,-1.356064223,2
2.35524327,-1.994382049,2
0.459061292,-0.396542624,2
-3.5578767,3.493408612,1
-2.904623174,2.807885599,1
-2.989446423,0.914609445,0
-2.531847759,0.406671975,0
-3.00050161,0.998573739,0
-1.687923179,-1.532309498,0
0.608619888,-0.646068057,2
-3.301728566,1.029038223,0
-2.9565255,1.150744096,0
-3.858133343,1.683576202,0
-3.117636573,0.550697487,0
-3.785608175,1.65233657,0
0.077084767,0.3584407,2
-3.586341062,1.309293941,0
-4.016014076,4.861242311,1
-2.239588636,1.789782455,1
-0.074290505,0.560620817,2
-3.469252458,1.230472092,0
0.655715961,-0.434480003,2
1.365962032,-1.14413405,2
-3.292842488,3.085367322,1
-4.125047598,1.589855837,0
-3.688291049,1.360191619,0
-0.135440292,0.804635496,2
0.676567666,-1.099082175,2
-2.922834198,0.746785346,0
0.588364443,-0.085274316,2
-0.19343681,1.109093264,2
-2.455191849,0.385770022,0
1.93722472,-2.052391057,2
0.40316877,0.060454848,2
-3.25509646,3.533340907,1
-3.642622267,3.898555863,1
-2.512634243,2.127243518,1
0.990049939,-0.441185408,2
-2.294790682,0.049075513,0
-2.290567378,2.788979346,1
1.808638904,-1.867029289,2
-3.315642362,0.656018838,0
-3.205045727,3.459442107,1
-3.554292334,0.937379122,0
-3.194227579,2.929505372,1
-0.213218756,1.020893166,2
-3.87916736,2.121501176,0
-3.91480908,2.068428517,0
-3.47622946,1.694068885,0
-1.326997833,1.214485326,1
-3.329616809,3.785392872,1
-3.332384771,1.691052766,0
0.669240134,-0.428938251,2
0.136770798,0.475815223,2
0.945781335,-0.716202342,2
-4.036297113,4.432162946,1
-2.601912279,-0.163920683,0
-3.214703256,1.295519047,0
-2.260073611,-0.628951035,0
-3.094615808,3.557602835,1
-2.085809483,2.058357917,1
0.977632302,-0.540680543,2
-4.009522385,4.599108393,1
1.756308629,-1.521645048,2
1.066269355,-1.221834881,2
1.404402022,-1.781767601,2
-2.324584759,1.864273976,1
-3.039592441,0.940281564,0
2.05883692,-2.380971997,2
-2.839038299,0.391310993,0
-2.145540023,1.75500264,1
-2.33634328,2.122230745,1
-0.262921298,0.476636229,2
-2.872680959,2.760277114,1
0.525580965,-0.194701593,2
0.172686898,-0.46641615,2
0.943588751,-0.56055842,2
-3.118281212,2.938816386,1
-2.810600992,0.493066232,0
-2.684112653,0.087600622,0
-1.565074435,1.14765864,1
0.05931934,0.855779399,2
-3.189749084,3.787152707,1
1.840179061,-2.132883463,2
-2.543303948,2.607200414,1
-3.542869536,4.189747926,1
-3.341411932,1.283157669,0
-2.817815486,2.799089896,1
-3.838145398,2.260293335,0
-3.464410574,3.441617842,1
1.917194597,-1.956415143,2
-4.507421128,2.570547909,0
-3.655743043,1.960808183,0
-3.341120784,0.941573657,0
-3.08271497,3.364542561,1
-3.784558954,1.419577423,0
-2.549990569,2.460245695,1
-2.807396981,0.708233119,0
-2.929515268,0.290405363,0
-3.277454413,0.767379476,0
0.427703788,0.414574357,2
0.927590092,-0.606636128,2
-2.626155703,0.318261937,0
0.055403059,0.752772924,2
2.381791234,-2.754505745,2
1.075306158,-1.577112639,2
-1.785301019,-0.286041683,0
-1.94144584,-0.610380608,0
-2.058232948,-0.464863941,0
-3.960255972,2.203676734,0
0.357460122,0.238750587,2
-3.961684493,1.905292198,0
-2.125357152,1.791500088,1
-3.152500469,1.432387677,0
0.819003695,-0.557976597,2
-2.316247544,-0.190640708,0
-1.520564067,1.001857409,1
-1.999410374,1.461965486,1
-3.431979435,1.688493088,0
-4.213430516,2.71351274,0
-2.416320051,1.906234417,1
1.546952076,-1.776313161,2
-0.578127019,1.372513574,2
1.6181042,-1.499474438,2
-2.301915867,1.927876953,1
-2.508474307,0.103811617,0
2.41514527,-3.398180458,2
0.792867988,-1.081498003,2
-1.856895908,1.671205583,1
-3.713211172,3.865424919,1
-4.455558482,2.72844135,0
-2.190667268,2.355378782,1
1.725651824,-1.209017772,2
0.262728271,0.24968385,2
-3.283467618,3.29894698,1
-0.084451581,0.954052003,2
-3.651428425,4.648494287,1
1.425859312,-2.131763003,2
0.995866586,-0.860602855,2
-3.679394457,1.000061886,0
0.628703554,-0.082889958,2
-3.15359553,3.538648602,1
0.790320801,-0.419941095,2
-0.905263342,0.511809707,1
0.949602585,-0.640652211,2
-3.658377872,3.564992925,1
1.208721432,-0.742486141,2
-2.845322444,3.864063182,1
-1.532601955,-0.969495187,0
-2.709784709,0.998240899,0
0.588320673,-0.699591173,2
-2.301048801,0.230032155,0
-2.342204291,0.043254243,0
-3.980466869,1.996631345,0
1.102935868,-1.104452275,2
-1.149705589,1.072228749,1
-3.251226151,3.908197162,1
-0.183669445,0.894866075,2
0.660568881,-0.238338788,2
-3.319500093,1.063496854,0
-2.833261844,0.656932574,0
-2.917919848,2.511231568,1
2.081868464,-1.86248795,2
-2.82078739,3.060000781,1
-2.684682217,2.476367803,1
-3.372832278,0.919999458,0
-3.042229221,3.134642939,1
-4.082161403,2.002220924,0
-3.966334116,4.217750073,1
-2.333167458,-0.416532939,0
0.952261774,-0.370274429,2
1.32232765,-0.811046979,2
1.555209152,-0.83734903,2
-3.196361016,3.008309264,1
-4.297520308,1.991734592,0
1.273738031,-1.311769972,2
-3.360461416,1.358355694,0
0.378938893,0.158994404,2
-3.065879408,3.364610196,1
-3.611020572,4.205121606,1
-3.736928395,1.750986985,0
-3.442766537,3.194172555,1
-3.561377314,3.894240724,1
1.55682112,-1.345972528,2
-3.928550389,2.355351062,0
-2.591330598,0.404527611,0
0.094078422,0.632455987,2
-4.230871776,1.55290201,0
-3.103728455,3.244010048,1
-2.732342817,0.256046555,0
-1.867065076,2.507830548,1
-2.660195593,1.003773372,0
-3.17081757,3.624976593,1
1.229948892,-1.00061828,2
-2.414140893,-0.091469545,0
-2.722784951,0.293732507,0
-2.625085327,2.608457476,1
-2.519232167,2.178659611,1
-3.797556454,1.983641367,0
1.204103901,-1.141243988,2
-3.094192186,1.1785589,0
-2.614029375,2.617774191,1
0.420307435,0.1467687,2
-3.055575724,3.514999242,1
-2.501500445,0.585969504,0
1.300660337,-1.761130282,2
-2.413303283,1.902718787,1
-2.624231602,0.283107362,0
1.814917292,-2.046526811,2
-2.618626527,0.736183392,0
-2.048448945,2.087496502,1
0.111185771,0.050747414,2
0.359237795,-0.461912676,2
2.305524008,-2.255269825,2
0.810421589,-0.960937195,2
0.359896197,-0.141343001,2
-2.319108344,0.045464795,0
0.899531249,-0.703070258,2
-2.864089641,0.494092503,0
-0.691993168,1.158179311,2
-2.743239403,0.303477923,0
2.583891131,-3.181141822,2
-2.399186336,2.036317463,1
-3.805109555,4.035802186,1
1.974258703,-2.343592551,2
1.446604247,-1.356978133,2
-3.303439318,2.765756196,1
-3.655256522,3.553143708,1
-4.398343286,2.348145009,0
0.346804004,-0.334040684,2
-3.47835162,3.603058393,1
-4.996937206,3.263906049,0
-3.248896684,1.601319674,0
-2.066753419,0.437247762,0
-2.419716669,-0.439707337,0
-3.180549883,0.980411759,0
0.0968853,0.372061003,2
-3.731193367,3.547544663,1
-3.017213859,2.967657032,1
2.451773106,-2.438575599,2
-1.375657961,0.511697181,1
1.672903396,-1.895449261,2
-2.98769255,1.172966135,0
-2.706073166,2.652351858,1
-1.796368139,1.343335812,1
-0.481715427,0.439440726,2
-2.262716071,2.058563872,1
-3.928234997,4.53275384,1
-2.284486344,1.90209906,1
-1.733252147,1.256429454,1
-1.591733243,-1.378941117,0
-3.730816729,4.250200683,1
-2.319994076,2.042598927,1
1.308259588,-0.762742445,2
-5.039398846,3.121379868,0
1.573951322,-1.011765738,2
-2.816218501,0.314659429,0
0.881442808,-0.898380787,2
-2.960640072,3.384811863,1
-3.358236888,0.835688582,0
-3.21147371,1.059143908,0
-3.62326411,3.515809973,1
-3.066852424,3.283669777,1
-4.118544765,1.828034004,0
-0.414268622,0.713748421,2
1.41631274,-1.824312643,2
1.290280353,-1.315371325,2
-2.641043331,0.420373125,0
-2.054278013,1.596741568,1
-4.727689502,2.958707562,0
1.611947947,-1.368728571,2
-3.831459939,4.345069462,1
-2.399188778,-0.149404935,0
-3.691347811,1.852499102,0
-2.941805272,3.250331463,1
-3.518669249,3.265141384,1
-1.477172515,0.705030867,1
-2.640402179,2.837613047,1
-2.858981812,3.014979867,1
1.009394566,-1.436247603,2
-4.666265101,5.319286827,1
2.136384217,-2.210369118,2
-3.38472084,3.255912125,1
-3.466637714,3.653847479,1
-4.471981736,2.337050312,0
-2.198801778,1.896904303,1
0.649211394,-0.658423588,2
-4.15911884,4.920909055,1
1.159581533,-1.065861477,2
0.413114316,-0.32241199,2
-2.795053459,0.680696145,0
-0.068973909,0.843372337,2
-1.830158434,-0.765938487,0
-3.946211193,4.10629695,1
-1.689500226,-0.774068312,0
1.948027559,-1.588510213,2
0.993401962,-0.72790751,2
-2.171863913,-0.361219257,0
-2.134317872,2.047262419,1
1.313873017,-0.738413296,2
-4.032371195,2.143966472,0
-4.154335532,2.002153063,0
-2.891742488,0.697948079,0
-2.930725114,3.026173122,1
-3.77207259,1.811868035,0
0.453846836,0.465871303,2
-2.913104714,3.170939197,1
0.967656537,-0.567902965,2
-3.561883076,1.540341464,0
1.047793848,-0.925285253,2
-4.423811232,2.757467942,0
-3.309514329,1.174549508,0
-2.246980792,-0.245968733,0
-3.673321526,2.010838262,0
-2.29137427,1.634234515,1
0.261487208,-0.023570784,2
-3.400835113,1.03391277,0
-3.646422631,3.452710187,1
-2.128768604,1.768423017,1
-2.45680528,0.147916836,0
0.742059148,-0.370253786,2
-3.421361261,1.793167316,0
0.575407741,-0.075466046,2
-3.003027591,3.1459999,1
-3.161767609,2.991008348,1
-3.110113232,3.351997545,1
1.445995707,-1.301565641,2
-3.009031769,3.732121133,1
0.176559779,0.333061102,2
0.833770326,-0.591441282,2
-3.317460004,0.885675985,0
-3.800209096,1.947654687,0
-3.108847392,1.138306082,0
-2.518281554,2.674472422,1
-3.362162613,2.148539243,0
1.121261251,-1.15646686,2
-3.620272467,1.260761598,0
-2.450678829,2.645203412,1
-4.029434092,2.320919197,0
-1.801398995,1.703352817,1
-3.573223119,2.018548594,0
-0.511291159,1.151156918,2
1.446947045,-1.201220655,2
-3.766344571,1.884813057,0
1.583560105,-1.592359148,2
-2.609671792,0.383981715,0
-0.283572332,0.840409891,2
-4.576290835,5.720367057,1
-2.505414778,2.258746449,1
1.648391195,-2.083814868,2
-2.923858666,2.67283285,1
0.50733999,-0.595458123,2
-3.134824223,0.484548232,0
-1.770465797,1.858059868,1
-2.255607358,1.972339059,1
-1.784779774,1.25233377,1
-2.374219284,2.358907848,1
-3.097270657,0.813339812,0
0.46636941,0.258253159,2
1.384816407,-1.596441235,2
1.496798163,-1.460901635,2
0.533089713,0.006486492,2
1.801388486,-1.406139798,2
0.362444677,-0.025342327,2
-4.240806492,1.928838082,0
-4.51889763,5.689277771,1
-2.776412707,2.709689327,1
-3.173767233,0.500130796,0
1.382851566,-1.382343186,2
-1.957794422,2.255501767,1
-2.033880566,1.265207231,1
-3.865349155,3.966292109,1
1.529771738,-1.108630989,2
-3.273856426,3.321121572,1
-3.387167887,1.340701984,0
1.574688454,-1.410092714,2
1.545527349,-1.596714951,2
-2.364994375,2.288670152,1
-2.956936732,2.831051476,1
1.764055357,-1.208575284,2
0.854622544,-0.611035018,2
-4.811055166,3.0377976,0
-2.705599196,0.807992361,0
0.699060588,-0.555891411,2
2.114876609,-1.904949062,2
-3.566013654,1.216899702,0
-3.216562657,3.551115112,1
-2.807485309,2.53528948,1
-3.367579024,3.380204761,1
-2.524753971,2.617838079,1
-3.030539514,0.379010028,0
-3.410755058,3.602778373,1
1.24021559,-1.20583573,2
-4.099110661,1.91162856,0
-3.171132583,0.788658744,0
-1.346874874,0.984311312,1
1.976768826,-2.133924865,2
-2.636808613,0.876422865,0
-3.132300639,2.613358618,1
-2.888567324,2.377231865,1
0.716303055,-0.91482657,2
-2.597338211,2.415408604,1
-3.573593042,1.801126286,0
-2.240044061,2.591901014,1
-2.495336523,0.48602417,0
0.249960769,-0.07445247,2
0.644821927,-0.349560673,2
-3.796807749,4.327316293,1
-2.706131748,2.360901086,1
-3.339467011,3.441863303,1
-2.48892358,2.178670369,1
1.068609556,-0.4865922,2
1.634727249,-2.153440009,2
-2.991547439,3.301701998,1
-3.331701895,1.429457297,0
1.865662807,-2.354454053,2
0.770696257,-0.622127207,2
-2.270802883,2.294640632,1
1.564311879,-1.360083018,2
-1.334162332,0.856271176,1
-2.019723154,-0.395858881,0
-2.654837115,2.244620403,1
-3.90849532,1.873335178,0
-3.072198897,3.080396676,1
-3.531479697,3.910521743,1
-3.224640169,3.03964187,1
-3.370828499,3.391663442,1
0.636472544,-1.008060744,2
2.166332363,-2.187292544,2
1.774942132,-1.682807337,2
-2.512869713,2.370602998,1
0.59354175,-0.193201604,2
1.34500195,-1.435506006,2
-3.611718002,2.107298921,0
-1.121776635,0.472824629,1
-3.016499639,0.593716125,0
0.565262926,-0.148940396,2
-2.895310537,2.879781194,1
-1.820889514,1.362214826,1
-2.203643964,-0.321764902,0
0.378681802,-0.722576253,2
0.680441935,-0.199449136,2
-3.29796834,3.619415926,1
2.186334566,-2.766006046,2
-3.310935658,0.528178992,0
1.684531516,-1.916432447,2
-2.300852773,-0.001376703,0
-3.124604189,0.824458519,0
2.775464895,-3.004028244,2
1.008857197,-1.187590144,2
-3.639065451,4.050111836,1
-3.148958749,3.444232489,1
-2.61071883,2.176450147,1
-3.423315936,1.378176553,0
-3.968041593,1.387309149,0
-2.408513439,1.907296393,1
-2.44892035,2.519150799,1
-2.746886765,0.476087731,0
-2.227839333,1.735054801,1
0.709786512,-0.828297874,2
-0.325770329,0.948771164,2
-3.317330955,1.67818192,0
-2.912652514,3.066231594,1
-3.121760437,1.098602735,0
-2.435404261,-0.225527413,0
-3.419145752,1.789652221,0
-2.598625208,0.02112385,0
-2.917529239,3.459949207,1
-1.845640723,-0.016423906,0
-3.115126769,0.675716083,0
0.750946146,-0.472906275,2
-2.667584361,2.628838415,1
-1.958023697,-1.14166211,0
-2.512172213,3.007359626,1
-3.13541176,0.692416842,0
0.820570424,-0.359876628,2
-2.468336487,-1.056561517,0
-4.974698343,3.34146451,0
0.339321521,-0.154013676,2
2.013967361,-1.790096017,2
0.850683524,-0.749020993,2
1.735672314,-1.777965697,2
-2.794537238,3.298000839,1
1.417259834,-1.987436453,2
-3.536114167,1.711406788,0
-2.362132172,1.804356846,1
-4.338618658,2.943992227,0
-1.980649054,1.913028104,1
1.484539113,-1.127978913,2
-3.754527054,1.780333853,0
-3.598485787,1.36642106,0
-3.559865992,2.42800439,0
-3.388563655,3.477642707,1
-2.522422569,-0.581887548,0
-1.896825559,-0.539496874,0
-3.13213686,3.374764341,1
-2.374615184,2.573802523,1
1.089477549,-0.932288939,2
1.345452109,-1.024727326,2
0.746372592,-0.146859533,2
-2.271210738,2.149955902,1
-3.976948859,2.745575479,0
-2.655514932,2.060324575,1
-3.682927053,4.225994002,1
-2.806681523,0.455333461,0
0.561726965,-0.751142277,2
1.028132835,-0.781139365,2
-3.350162403,1.715981239,0
-3.448785705,3.79670192,1
-5.700802347,4.472004087,0
0.019499774,0.787689177,2
3.040902642,-3.776532161,2
-2.826386218,2.730586895,1
-2.409496103,-0.218441889,0
-2.94656645,0.553347702,0
0.259170355,0.509156919,2
1.216442739,-0.996202409,2
0.990802226,-1.423145851,2
0.449224442,-0.374743568,2
-4.468769303,5.372733544,1
-3.717222274,4.468206789,1
0.437229931,0.153896134,2
-2.241870467,1.97549223,1
0.509635686,-0.115784148,2
-2.939029016,3.199808473,1
-3.020481266,0.95761775,0
-2.40079415,3.127895611,1
1.455829033,-1.67594257,2
-2.998275316,3.250573728,1
0.589174575,-0.384450108,2
-2.594017433,2.451083342,1
-3.067306933,3.342530057,1
-3.908881465,1.57245838,0
-4.363594996,2.126139956,0
-3.321245161,0.829134585,0
0.121050746,-0.077174912,2
-1.964122533,2.126407449,1
-1.172453456,0.699097368,1
1.722781444,-2.01622337,2
-2.485949227,-0.045543226,0
0.423936198,0.106729852,2
-2.272663583,1.884783846,1
-2.787880475,0.127214957,0
0.039039569,0.416154982,2
-1.502204463,1.248587619,1
0.713403538,-0.433642321,2
-2.801451675,0.378470804,0
-3.364074296,1.259186567,0
1.151769336,-1.501176765,2
-3.225120999,0.614648022,0
-1.730952104,1.296465618,1
-1.758080804,1.768729383,1
-3.396542625,4.301050799,1
1.095925634,-1.12946024,2
0.364164418,0.71521592,2
1.340886045,-1.065346183,2
0.705784647,-0.442687611,2
1.143168352,-1.522687592,2
2.015879221,-2.037218087,2
1.107647827,-1.119701132,2
-3.473467372,1.727023662,0
-2.237219347,0.293362682,0
-3.678476165,1.772529299,0
-4.206477019,2.413238098,0
-2.903820181,0.515338371,0
0.726093588,-0.772203012,2
0.253098506,0.143665049,2
0.026878595,0.48771758,2
0.772986252,-0.90782791,2
2.403690402,-2.548681721,2
-2.258048182,2.448114822,1
-3.260562994,0.813806926,0
-1.660999956,0.968881602,1
-1.106176865,0.859694464,1
1.037622407,-1.120930079,2
-4.276980762,2.293199665,0
1.089367145,-1.556739922,2
-3.54465234,1.949478748,0
-3.52867461,1.499826908,0
-2.037670415,1.577216611,1
-2.98280304,3.005832351,1
-2.289130228,-0.424696515,0
1.529940542,-1.707710941,2
-3.863823084,1.704033045,0
-3.258110265,1.414637187,0
-2.440877333,2.685241236,1
1.766466926,-2.14086768,2
-3.362536557,1.079868187,0
1.535994291,-1.174008343,2
-3.774271966,3.838688792,1
-2.91494685,0.240768458,0
-4.692548592,4.544871887,1
-4.258258405,5.120983528,1
-3.84117734,4.078693287,1
1.604151485,-1.419727297,2
-4.140750927,2.066243323,0
1.785280829,-1.420476398,2
-2.250342422,-0.377577214,0
-2.164947344,-0.518429669,0
-2.339595242,2.095234741,1
-2.024186007,2.068601381,1
0.742957371,-0.244688107,2
-3.189479833,3.197747164,1
0.058057855,0.93729682,2
-2.805338435,-0.444223353,0
-3.356830575,1.348469052,0
1.132855987,-0.686528599,2
-3.064685596,0.910675753,0
1.399027204,-1.491407514,2
-2.106290726,1.324610137,1
1.651477073,-1.456473406,2
0.827290108,-0.576572949,2
-3.666939286,1.412078162,0
-2.818216996,0.601476002,0
2.545701048,-2.845790314,2
-2.009553669,1.472042285,1
0.180985943,0.901178947,2
0.374258778,0.273857363,2
0.576852764,-0.086766904,2
-2.580981976,2.869060233,1
-2.835161553,3.651829451,1
-3.509880692,3.751140078,1
-3.523448471,1.380292375,0
0.90420171,-0.672384644,2
0.489963579,-0.54983838,2
1.125071436,-1.136337051,2
-3.96058695,2.538776549,0
-1.630614565,1.616913739,1
-2.228276566,1.592810073,1
-2.53637643,3.002723469,1
1.044027252,-1.17184217,2
-3.553517828,3.471260888,1
-2.688202787,2.683506885,1
-3.590680108,4.464774671,1
-3.676103029,1.441690033,0
-4.556947721,2.681036406,0
-3.210798295,3.063352007,1
-2.721815871,2.800806607,1
-2.844052838,0.053386523,0
-2.408585597,1.872535585,1
-2.995043621,1.151233212,0
-4.672411715,3.162460719,0
-3.860707501,3.606230314,1
-3.498514942,3.397764405,1
-4.835721559,5.345715922,1
1.520964929,-1.334043401,2
-2.821679963,3.262387076,1
-3.442858681,1.268086281,0
-2.350993966,2.287965704,1
-3.47991978,1.596111519,0
-2.613123237,0.361625562,0
-0.162437974,1.152722208,2
-3.352838042,0.807313678,0
-3.053028074,0.79065358,0
-2.667701651,2.920972022,1
0.466116413,-0.22386552,2
2.038150002,-2.452326446,2
1.637719518,-2.229074813,2
-3.354811555,1.556267526,0
-3.16905195,3.5960704,1
1.375831114,-1.704414629,2
-2.920413518,2.968155638,1
-1.573777559,1.43874749,1
-3.333003342,1.285427239,0
-2.630580442,0.267188818,0
1.557668593,-1.803220344,2
-1.706892044,-0.760425824,0
1.237964924,-0.709985277,2
-3.680788981,1.573064802,0
-1.88571253,-0.51976093,0
-0.980082706,0.836907074,1
1.208225865,-1.003032221,2
-2.024635074,2.038594547,1
-3.137245262,0.633313715,0
-2.784476473,2.574431905,1
0.60546692,-0.41612919,2
1.320217935,-1.755506899,2
0.894410408,-0.846196119,2
-1.924061597,1.808133969,1
-2.592503254,2.769304978,1
1.769120879,-2.198445198,2
-1.760814148,-0.387639025,0
-2.595459457,2.323254767,1
-2.926395351,0.639531005,0
1.094839919,-1.014586487,2
-3.476671092,1.69936413,0
-2.586642567,2.781236661,1
-2.707979451,2.625699917,1
-3.375346563,1.253986851,0
-2.762550984,2.754919237,1
-3.013054767,0.76977493,0
-1.72154343,1.16533003,1
0.183124148,0.546549727,2
-2.149061235,2.085950395,1
1.748931209,-1.824489117,2
-2.75859567,2.477668957,1
1.639732602,-1.35142809,2
-3.965158404,2.256667173,0
-2.826655748,2.849857449,1
-2.284749926,2.415004949,1
-3.278044043,3.108384318,1
-3.564427318,0.91696245,0
0.250920209,0.150553994,2
0.779785169,-0.628377415,2
-1.642719659,1.113755598,1
-4.701945681,3.184525866,0
1.452467541,-1.368967042,2
-2.562078262,2.666289471,1
-4.827156248,3.271828934,0
1.409084115,-1.723850488,2
-3.471647997,1.373863882,0
1.290880206,-1.29742878,2
-1.794707478,1.49069211,1
0.602574966,-0.017503036,2
0.516978017,0.421095093,2
-2.172986318,2.132563402,1
-0.62713687,1.321845364,2
1.051741319,-0.55667921,2
-1.880730647,1.547668495,1
2.036389061,-2.28150932,2
-3.869646677,2.224670473,0
-3.860705665,2.128667265,0
1.432312521,-1.320666839,2
0.604239964,-0.497263145,2
0.169768405,-0.082751333,2
-1.922184314,1.839259471,1
-4.732943309,2.831220887,0
1.395717878,-1.188779151,2
-4.018116757,3.511883842,1
-0.333331217,0.115808011,2
-3.978627591,1.912171327,0
-2.581294364,2.455348257,1
0.99293616,-0.889981255,2
2.158364569,-2.437149457,2
-4.392047037,2.985116398,0
-2.016186703,1.824729632,1
-4.676103764,2.943263788,0
-2.160226628,1.924008128,1
-3.388660799,3.344963173,1
-2.237022683,0.388770858,0
-2.848329214,3.186762156,1
1.639828076,-1.464326157,2
-4.377794779,2.319722933,0
-3.314999482,1.436467525,0
0.468345409,-0.501516741,2
0.922712353,-1.803488365,2
0.729413581,-0.670228435,2
-0.556138562,1.068374757,2
-3.451897113,1.78007799,0
-2.789982189,0.7974899,0
-3.158030132,0.907924443,0
0.468639648,0.169830269,2
-2.115851583,1.784982294,1
-3.56838241,1.489122451,0
-3.847804574,2.180952314,0
0.099002645,-0.054689255,2
-3.291980972,3.113611762,1
-0.550638278,1.478623268,2
-3.362848261,1.112393225,0
-4.069830497,1.866474966,0
-2.017612704,-0.360237661,0
1.485375248,-1.203529775,2
-2.562968743,0.684055269,0
-3.347788666,3.168861676,1
-4.867424816,3.181091852,0
-2.196980816,-0.75385597,0
-2.491316598,0.492249944,0
-3.24718562,0.885463223,0
-2.417888005,1.759276446,1
-2.80682175,2.628434321,1
1.634487898,-1.73060292,2
0.18654301,0.167757041,2
-4.209223318,2.71152659,0
-3.098532414,1.027757385,0
-2.531862042,2.180414197,1
0.747349468,-1.53007028,2
-2.89735725,0.336086202,0
-3.057870088,2.997083633,1
0.959154681,-0.821215777,2
-3.413202436,0.979894391,0
1.86506359,-1.773574986,2
-3.354656235,2.596968362,1
-2.708504149,0.728544546,0
-2.381345197,1.897869842,1
-2.69319942,2.052472436,1
-2.963302285,0.943169315,0
0.049340912,0.26867415,2
-3.704360699,4.304332386,1
-0.066832526,0.87121896,2
-2.744077596,1.098101191,0
-1.547356816,1.586652396,1
1.174827197,-0.859257626,2
0.112519713,0.377000983,2
0.609381252,-0.484341916,2
-3.388372483,3.511744441,1
-2.862563491,2.837060568,1
-3.281373234,3.387696218,1
-0.31355695,0.533740049,2
-2.557135945,0.102489909,0
-2.656679721,2.409641533,1
-2.577822135,2.642003249,1
-3.20688585,1.161858694,0
-3.848125236,1.463257278,0
-3.545725575,3.787320354,1
-2.941899999,3.342569746,1
-3.126003469,3.069918516,1
-3.213666554,3.845669395,1
-2.554600367,0.633990703,0
1.506476205,-2.103211893,2
-1.786868538,1.351677529,1
-1.521371863,1.462275641,1
1.02366015,-0.923736564,2
-3.760812553,3.94513881,1
-2.626834604,2.818263805,1
1.141012484,-0.54085125,2
-3.801363417,1.833968552,0
-3.496475227,1.34772621,0
-3.592279815,1.800702217,0
1.702023461,-1.587479229,2
-2.589434222,0.372098429,0
-2.445424271,0.065944351,0
1.715488213,-1.771885469,2
-3.042636161,2.765044984,1
-3.296839411,1.414564079,0
-2.90166639,0.375257962,0
-3.136158447,3.011961834,1
0.301272095,0.888551781,2
-4.114741973,2.320202891,0
1.979046548,-1.908709188,2
0.496848393,-0.222827009,2
1.097423355,-1.036430753,2
-2.96765339,2.791485337,1
-2.552470573,0.126915461,0
0.574134391,0.149227054,2
-2.079069498,-0.74928089,0
-2.510655899,2.517786307,1
1.681160549,-1.761685921,2
-1.758195553,-0.920882204,0
-2.235520971,2.18418988,1
-2.246741191,1.833584253,1
-3.017026366,0.363420938,0
-2.882878296,0.504513102,0
1.085153128,-0.958043201,2
0.081462529,0.495065947,2
-3.565592391,1.388090138,0
0.031150424,0.075535302,2
-3.089705355,3.358949084,1
-2.719125008,0.301409573,0
-3.666246473,1.598441748,0
-2.579074159,2.850425956,1
-3.924005838,1.84102419,0
0.405404305,-0.034452987,2
-2.634994485,2.960382426,1
0.13978717,0.634955541,2
0.450567266,-0.191005555,2
0.169517115,0.168222775,2
-3.721815985,3.887348286,1
1.303096964,-1.078314224,2
-2.087380939,-0.608825593,0
-2.983025811,2.960590966,1
-2.909425615,0.590907702,0
1.392432266,-1.480922174,2
-2.648568197,0.882890127,0
-4.12238208,2.05762176,0
-2.319358113,2.016966101,1
0.584977673,-0.562589411,2
-3.537808534,3.535689874,1
-3.476748191,1.513078122,0
-2.872764252,3.076126178,1
-3.101704332,3.367168404,1
1.272031442,-1.372078213,2
-3.678624452,1.744481113,0
-3.854308571,1.760678962,0
2.070891702,-2.807154531,2
-2.85215258,2.619249856,1
-3.423921326,3.736718717,1
-2.806978599,2.193098677,1
-2.215364872,2.279467332,1
-3.454360297,1.424407867,0
-3.851927513,4.441619945,1
-2.966506925,1.099837433,0
-2.579750623,0.661439304,0
0.955207088,-1.06495358,2
0.162076408,-0.082173527,2
0.479925483,0.19165782,2
-2.812069369,2.754668876,1
-2.34849502,-0.115913835,0
-2.240294025,2.165964481,1
-2.733255343,2.778285666,1
-2.466704721,-0.769491497,0
0.572809074,0.653330317,2
-3.08186285,3.413034226,1
-3.924024177,2.270176083,0
-1.952803782,-0.822601819,0
-3.510478147,0.900308046,0
-2.393353592,1.897208604,1
-3.432254306,3.581333653,1
-2.826825938,2.725559551,1
1.408520561,-1.389364807,2
-1.313085724,0.850070264,1
-2.935943732,3.287103895,1
0.344720009,0.109307352,2
0.830791183,0.178915719,2
-2.995087161,0.461894061,0
0.637593899,-1.220066319,2
-2.437973658,0.48173254,0
-2.847405316,2.632216453,1
-2.897684922,0.863729287,0
1.198438877,-1.087746276,2
-3.089882277,1.17273306,0
-3.132480875,0.839575355,0
-3.561694637,0.919918369,0
0.882455562,-0.722130293,2
0.866662056,-0.84098695,2
-2.177472794,2.063717994,1
0.244131019,0.045183073,2
-3.566483605,1.401793528,0
-2.867493184,0.250543136,0
1.011968853,-1.316543984,2
-3.692807434,1.266493723,0
0.626350738,-0.18278714,2
-3.712607805,4.637634298,1
1.927561246,-2.480388864,2
0.896637617,-0.375009387,2
-2.498053802,2.661525696,1
-3.132755281,2.905654274,1
0.711554652,-0.118007684,2
-3.111789387,0.969146521,0
-3.588289797,3.90014661,1
-3.577261791,1.677829487,0
-4.458230218,3.02415426,0
-1.987149782,2.453017159,1
-2.132536458,1.74645461,1
-2.38365316,0.111858922,0
-1.852206709,1.564792155,1
-2.978720068,2.906227615,1
-2.705481164,2.567407869,1
-3.226976301,0.727229613,0
-1.933729836,-0.701529364,0
-2.563868672,2.808618623,1
0.874348517,-0.192119673,2
-2.836771934,3.200741746,1
-2.553700338,2.295928101,1
-2.233330502,2.187391548,1
-3.047975052,3.165001635,1
-2.48514961,2.113494158,1
-2.889836963,0.464126451,0
-3.344620671,3.312285323,1
-4.309920546,2.734867043,0
-3.436045467,1.277921905,0
0.847271917,-0.272183869,2
0.532095803,0.030290243,2
-1.631947167,1.589112336,1
-3.385516446,1.534087352,0
-3.821372076,4.23073578,1
-4.356681503,2.236410739,0
-2.529056814,0.257267389,0
2.024990802,-2.379391399,2
-3.035206049,0.683299161,0
-1.937875479,-0.740600324,0
0.766747172,-1.174275412,2
0.938447777,-0.771299721,2
-3.484323773,0.83976533,0
0.883384353,-0.675551223,2
-3.252922494,3.403015897,1
0.748399151,-0.935805914,2
-3.171389755,0.597771947,0
-2.632732848,-0.477169802,0
-1.84541753,1.671208158,1
1.894030818,-1.466086882,2
1.241209426,-1.279358999,2
-2.423758009,2.808350432,1
0.637322993,-0.473849953,2
1.69241559,-1.927823066,2
-2.516019026,0.452948972,0
0.999307481,-0.788612898,2
-2.814613308,2.924506386,1
2.73804993,-3.087451991,2
-3.793135535,2.413435904,0
0.817538686,-0.461701408,2
1.101459298,-1.072789393,2
1.096715144,-0.723160149,2
-2.558801267,0.066967057,0
-2.404733618,0.275367064,0
-3.045657372,0.579162888,0
-2.091244523,-0.972495226,0
-1.697907194,1.335268758,1
-2.737050601,0.244174685,0
-1.988359146,2.204330266,1
-3.799378471,3.955976477,1
-2.472719177,0.524202116,0
-2.521874346,0.043029521,0
1.026010949,-0.792085058,2
0.067682046,0.195541062,2
4.141694073,-4.877327928,2
-2.548696966,2.387101676,1
-3.265092615,3.362365854,1
-1.739225852,1.431926863,1
-3.571652919,1.168150398,0
0.887240397,-0.946147843,2
1.680619932,-1.71256025,2
1.636300992,-1.547870935,2
-2.432332999,2.162520899,1
1.037826096,-1.23619914,2
-1.851621902,1.627046856,1
-3.045435323,1.01978445,0
-1.855332371,1.596997958,1
0.613096799,-0.583153244,2
-3.545840728,1.288822461,0
0.910465356,-0.618032217,2
2.084834298,-1.916359975,2
-2.564967089,0.209950072,0
1.207916942,-1.038724773,2
-4.319728105,2.39154478,0
-2.066197268,1.807652304,1
-3.077639471,3.096157583,1
-1.619559163,1.363668922,1
2.026346398,-1.933483657,2
3.094730879,-3.210689063,2
0.70038449,-0.472737434,2
-3.153590229,1.169962565,0
1.915519913,-2.055169931,2
0.139129142,0.589723748,2
0.439563986,0.54803889,2
-2.771529737,2.800865213,1
-2.480006227,0.359967191,0
-4.29572788,2.733281871,0
-3.635523127,1.586945315,0
0.932348959,-0.73887491,2
-2.345266351,2.291958277,1
0.06851696,0.267114386,2
-3.263798463,0.973180444,0
-2.063175292,2.344432767,1
-2.104967593,1.821890374,1
1.418725896,-0.989013773,2
1.26648244,-0.65367509,2
-2.200534186,0.54538143,0
1.919576005,-1.491461586,2
-3.426716452,0.92526785,0
-2.874748118,0.550246938,0
0.343693293,-0.048373178,2
1.190107709,-1.317353563,2
-0.584186722,1.229072543,2
-2.714422603,3.191974343,1
1.134343229,-1.190203885,2
-3.563389229,4.244318696,1
-3.605831254,3.296280429,1
-2.654078571,3.033821079,1
-3.301015493,1.570164892,0
1.287113254,-1.284845723,2
0.816970841,-0.728123174,2
-3.32282872,1.385017392,0
-1.578906254,-1.233227645,0
-2.414634693,2.565192348,1
-2.666034599,-0.128199551,0
-2.682915227,0.131240645,0
-2.249565045,-0.317096374,0
-0.06240251,-0.045264229,2
-3.337893862,1.276186745,0
-1.61877199,-1.288567044,0
0.807608311,-0.081964384,2
-1.673493477,1.877792099,1
-4.065197995,1.830954462,0
-2.322379633,2.600232923,1
-2.734103045,-0.138684623,0
-2.754594007,2.429950301,1
-3.895060936,4.382180311,1
-2.655367377,0.516514958,0
-2.340817205,2.236117806,1
-2.840755987,3.065478899,1
-2.247674647,2.098247754,1
-3.013420041,1.409817994,0
-3.982676447,4.106909459,1
-4.294544277,4.375557724,1
-4.65480894,2.884402534,0
-1.733883083,1.556062047,1
0.337355763,0.10371368,2
-2.833068511,3.029278539,1
1.6085895,-0.889463142,2
-2.496306266,0.525128781,0
0.664754648,-0.843077883,2
0.599707966,-0.447158494,2
0.382653952,0.239402478,2
-2.993798446,1.091260259,0
-2.703097029,2.621159485,1
1.43417243,-2.183262785,2
-3.706101435,1.261843296,0
-3.769126888,2.102126407,0
0.724961003,-0.167363276,2
-2.829614216,3.077929528,1
0.929411164,-1.124160519,2
-0.320003736,0.187519361,2
1.528515412,-1.685191724,2
0.206282438,0.553309254,2
-3.498763776,1.231812138,0
-2.766526667,2.799538021,1
-3.667489774,4.266500377,1
0.184680883,0.69275796,2
-4.048280253,2.043560594,0
1.425730086,-1.43952331,2
-2.425564804,-0.265185693,0
-2.817634025,3.19794334,1
1.179628273,-1.542625018,2
-0.497381317,0.782277969,2
1.13089877,-1.130334027,2
