5.867498067,8.17715188,0
5.613699815,9.932955266,0
7.225084278,10.44886194,0
6.762822546,0.605145352,1
8.0161824,1.543147009,1
8.40185356,-0.373481315,1
6.511922767,9.81342902,0
7.399679603,0.91258881,1
-4.984363346,-11.42227525,2
9.888250958,0.902413919,1
8.80002143,8.543235209,0
7.95311372,8.368976645,0
6.108460663,8.233439954,0
8.339755138,8.888149572,0
8.88361084,9.01589874,0
-6.668436977,-9.357071677,2
-5.139044281,-10.14831195,2
-6.916203653,-11.32959632,2
7.034432405,9.697367382,0
-5.946670639,-11.18065009,2
7.105963549,2.135145721,1
-4.600208696,-10.48989837,2
8.248408417,8.282912697,0
8.953624074,9.489034167,0
8.330234346,0.86213005,1
6.434919594,9.974160938,0
7.825653868,1.488379966,1
8.185340064,1.385267346,1
8.263075242,-0.344622277,1
7.950233606,0.716068918,1
7.413952626,-0.045715629,1
7.336543287,2.193163669,1
6.796158771,1.594133492,1
7.266972545,9.870458363,0
-5.028964003,-10.02858605,2
7.700350038,8.341071869,0
9.815883092,2.286650419,1
6.696276519,0.36084219,1
7.269469548,10.98320369,0
-2.981920282,-9.786117303,2
7.309447719,-0.732559399,1
6.739826358,10.11672427,0
6.166919205,2.868432877,1
8.112973084,1.285644879,1
8.062629287,0.343326889,1
8.264292007,2.109578258,1
7.782240051,8.550831506,0
9.193772681,10.26786712,0
10.40777751,-0.004841736,1
-6.31113348,-9.809742202,2
-6.084724424,-9.845478381,2
7.759315156,9.129635131,0
-4.673249551,-10.10521635,2
7.686262224,-0.042550564,1
6.036712542,0.710246802,1
6.107233607,1.730102573,1
-5.687296193,-10.89346944,2
5.109272013,1.205277446,1
7.141716038,0.103115417,1
8.21079341,9.62231376,0
7.011198993,-0.076765039,1
-6.467229558,-10.54197227,2
6.553291032,1.112520497,1
8.682096469,1.948442897,1
7.277755138,10.76824835,0
7.28116753,0.158480425,1
7.248312978,8.094622661,0
8.993879847,2.203768146,1
7.926478168,2.563457095,1
-6.153014201,-10.11924514,2
-6.602074855,-8.050079106,2
7.983010592,9.857535527,0
6.915116957,8.648123835,0
-5.128679833,-8.834628397,2
6.158954831,8.702086854,0
8.70097261,0.258313985,1
6.710243865,-1.332682823,1
7.829581778,8.897791208,0
9.682462159,9.311574917,0
-5.974427728,-9.309508522,2
8.818758271,11.0276883,0
8.856582332,9.52204043,0
9.006185679,1.302993229,1
7.048081813,-0.589015736,1
8.814392231,11.14310633,0
7.825101071,8.418652661,0
-5.194237232,-8.945433446,2
7.799107971,-0.25289982,1
7.568333855,9.32443309,0
8.337789856,1.735394391,1
7.366828121,0.066457203,1
6.160280436,0.622270193,1
7.145159014,0.914675007,1
8.224758444,2.500053156,1
7.206527936,-0.465793078,1
7.041872335,0.010188602,1
6.257732345,9.496431736,0
-5.199033802,-9.399784692,2
-6.048289537,-8.427778457,2
-4.154160086,-9.012169754,2
8.182404214,8.169999777,0
-5.221746079,-9.926625291,2
6.070749494,9.846402987,0
8.386556405,8.825779617,0
8.179925621,0.330588284,1
7.448944605,0.542495917,1
6.025452325,8.30623923,0
-5.912722847,-9.954249043,2
8.189046959,10.59029235,0
-5.123443285,-9.374059846,2
-4.825441868,-7.66673929,2
9.941099031,9.223956669,0
5.938560238,0.693101288,1
8.700355043,0.261067365,1
-4.330978259,-10.03088205,2
8.296088055,1.922766117,1
7.65102673,9.739169432,0
7.212575638,8.617371257,0
-3.898184663,-10.20406592,2
5.717052938,8.807722002,0
6.974228219,9.558968161,0
9.621222052,0.925423147,1
5.759563539,0.926053339,1
6.730298734,0.054575612,1
7.727470593,9.039188152,0
5.678210894,1.001084771,1
-5.272910032,-11.20966792,2
8.386085132,2.096626206,1
7.380179687,8.530768234,0
-5.702407159,-10.78917397,2
7.771386805,0.897938649,1
-4.936734875,-9.19100116,2
7.452720545,9.412410342,0
7.144243367,8.889174214,0
6.083609266,2.294314468,1
5.034494211,0.858024988,1
-5.124424697,-9.843944699,2
-4.004154564,-8.428161404,2
8.601997266,8.326588894,0
7.559011821,10.5408694,0
5.590110356,9.911878642,0
-5.947251245,-8.538809489,2
7.00058641,0.139336067,1
8.924096878,1.083778219,1
6.174767409,9.212977448,0
-5.003227042,-9.416961544,2
7.938290784,-0.256238211,1
-5.023067997,-9.999458564,2
8.463323401,0.602672662,1
6.794439983,1.802249598,1
10.39883958,0.055219052,1
-5.076041458,-9.351846186,2
8.229433043,8.763344302,0
7.924351295,-0.12168356,1
8.204206925,9.314904357,0
7.572268131,0.502942818,1
6.483636661,9.310329347,0
8.432770371,-0.849768427,1
7.698206975,0.799587839,1
7.423823809,8.678360212,0
-5.046755427,-9.795698333,2
8.873568811,8.780775484,0
-4.836512366,-10.22672935,2
8.815456626,8.763860459,0
6.754450538,9.745319331,0
7.799246924,10.59576952,0
-4.779839172,-9.390613349,2
-6.454226458,-8.711281688,2
-4.228722434,-8.302065504,2
7.969146637,-1.573851663,1
7.931948832,8.495614798,0
-5.65857689,-10.28971578,2
7.578182768,9.586292328,0
-5.520146774,-11.12996416,2
7.620515842,9.371448142,0
7.077847379,0.541486072,1
-5.242538734,-9.049481937,2
-5.686218638,-10.3039534,2
9.401729775,9.554223659,0
7.046622465,-0.261143533,1
6.4726821,1.689784825,1
5.801720477,8.788728124,0
8.293643637,8.68894154,0
6.859848795,1.303552975,1
-3.991123449,-10.90740252,2
-6.272960837,-10.88065998,2
5.6972016,9.488590024,0
8.171723902,0.422486922,1
8.288000426,10.03299053,0
7.248120184,8.015368585,0
6.654540693,-0.307027733,1
7.186550773,10.62332336,0
5.667212975,0.42382721,1
7.686796568,8.25440697,0
6.360253565,8.951396071,0
8.36811045,-0.017103095,1
6.827990947,2.370643896,1
-4.935837981,-9.496398362,2
5.252137812,10.85569349,0
7.992614667,2.418180093,1
9.197832772,1.203679712,1
6.561814822,1.608629657,1
8.011886363,9.659491455,0
-6.339454735,-10.26520193,2
-5.877460269,-9.82630931,2
-6.685749686,-9.300200588,2
-5.769443835,-9.712366273,2
7.06127291,1.665921792,1
-5.668250838,-9.022958994,2
7.395238696,9.144728088,0
-6.14854714,-10.16280758,2
7.112534778,9.43326814,0
7.57929695,8.767230872,0
-5.599813403,-9.90735544,2
8.226934525,-1.635784119,1
6.376793961,-0.066991674,1
6.30574977,0.067270236,1
-5.337616029,-9.514251047,2
-5.412503888,-7.661568365,2
-3.913669131,-11.17147464,2
6.715800446,11.4067804,0
-3.39175001,-8.467334274,2
7.354937801,8.772336763,0
7.484859892,0.334113591,1
7.75704319,-1.310970601,1
-4.971562467,-11.94862296,2
-5.627891646,-9.513651009,2
-6.384982651,-9.55630619,2
7.507434725,8.124838847,0
6.137357459,8.287569517,0
-5.586848582,-9.684107601,2
5.949916823,-0.167461803,1
7.928010637,2.269576152,1
7.941566442,10.17017101,0
-6.497350866,-11.11663229,2
-4.885400574,-10.23848452,2
7.123833993,0.087757636,1
-5.973426413,-10.99641427,2
7.589377554,-0.167789031,1
7.474635897,-0.904513475,1
7.784303144,8.430801079,0
6.657044062,0.333341706,1
7.914507323,7.635032174,0
-4.030549368,-11.30609392,2
-5.195396136,-10.13246603,2
6.51682501,1.852134565,1
8.437052946,0.668561865,1
6.891389729,-1.158566427,1
-5.777411355,-9.815014757,2
-4.965453548,-11.08037526,2
8.619898763,1.016834448,1
8.052923352,9.918080168,0
7.55401108,8.738246708,0
7.648312284,0.811504235,1
-5.773455067,-9.03289102,2
-6.947861633,-9.113133696,2
7.597087707,10.81966985,0
7.020466682,7.942509706,0
6.936273868,11.67724789,0
6.485410373,1.255819334,1
-5.542649324,-10.680766,2
-6.262843534,-11.4270095,2
-5.526645218,-9.345113775,2
-4.052736931,-8.296404316,2
7.415263659,0.054831236,1
7.206159129,-0.138643541,1
-3.896186133,-9.235611885,2
6.183596783,9.28930581,0
8.812804224,9.508615543,0
8.717863019,0.760383769,1
6.425969192,0.634472457,1
6.782661584,1.422562766,1
7.898578025,1.41835873,1
-6.32150307,-12.47743048,2
7.60407225,1.480342859,1
-4.378759585,-11.28895688,2
6.517729694,1.236532595,1
8.86653633,0.200365997,1
7.322521255,10.45661816,0
6.285687222,1.410279644,1
7.162513556,9.748787144,0
6.173573651,8.73756621,0
7.404210124,1.520784252,1
-5.507234569,-10.64210419,2
7.274232653,9.184599909,0
8.444136657,9.115411394,0
7.008466181,9.899914743,0
5.278017568,8.934741192,0
5.396592008,1.995923808,1
-5.804976485,-9.490484863,2
9.398988071,-0.638858179,1
-4.923978366,-10.15646782,2
-5.163225463,-11.0502834,2
7.744040212,9.38819595,0
8.27458019,10.19191091,0
6.889957514,8.462770229,0
7.977279177,1.614616266,1
10.24358095,0.997858011,1
6.267920666,0.981579096,1
8.461107851,10.0425341,0
7.535755642,1.42879524,1
-6.116767826,-9.227530333,2
-4.953190951,-12.40942727,2
7.292627739,9.877746301,0
-4.839110668,-10.5227498,2
6.742222458,1.303633249,1
5.52568734,10.34955505,0
6.278772368,8.721863816,0
8.922909092,0.853333011,1
8.07925272,10.58820106,0
5.073374915,10.52482973,0
6.892289054,8.60634293,0
8.322450913,9.678191958,0
6.799955887,-0.420976829,1
-3.901793908,-9.762027907,2
-4.848705876,-8.955611611,2
-5.27560143,-7.935770254,2
-4.965432957,-11.14409101,2
9.192960493,1.312699223,1
-5.16432799,-9.226730871,2
7.806940314,1.950786284,1
6.658774609,8.86341665,0
-6.957504235,-9.518425004,2
8.064823464,0.616728822,1
8.81358318,10.38255189,0
-5.530021441,-9.4967516,2
7.897658144,8.219547641,0
6.653497749,8.848928404,0
7.754056899,8.748100051,0
7.829448165,9.626271583,0
7.263035468,0.257082645,1
-6.761777114,-9.084681624,2
-6.138170632,-11.32060556,2
7.29586565,10.81732727,0
6.36722607,0.753696597,1
-5.367783509,-10.48562443,2
7.986670499,1.105435442,1
8.61204817,-0.320890644,1
7.868495708,0.32950917,1
7.32512157,10.33290733,0
-6.014068766,-10.07265245,2
-4.512561661,-11.61068164,2
-4.930324117,-8.422557157,2
-4.599535717,-10.01262615,2
7.188814227,-0.127003063,1
8.61648573,10.43674965,0
6.794747649,0.129047474,1
-5.895627312,-10.49894393,2
5.986640644,0.903826256,1
-4.629690607,-9.644349148,2
8.652565018,9.607717589,0
-4.127253097,-9.872241473,2
5.054084599,10.0790099,0
-5.777608551,-11.09985424,2
7.75464663,1.3325882,1
9.629415575,0.203582729,1
-4.01005222,-9.824520013,2
6.172811017,-0.851689227,1
6.757510387,-0.408699082,1
-2.852397588,-10.2483024,2
6.477722855,1.133324067,1
-3.99978318,-7.895411456,2
9.188100373,-0.585600157,1
-6.007117231,-8.613908216,2
7.221274058,-1.292634914,1
7.776829053,-0.500620266,1
7.57170458,10.46617282,0
-3.890772651,-7.710614243,2
-3.734280992,-10.44014578,2
-6.26104427,-8.324071522,2
-4.491545518,-10.09616626,2
-6.227447329,-8.886069466,2
6.963359157,0.898715766,1
7.740677942,3.529122332,1
8.736357548,8.122920254,0
-5.894203143,-10.35118898,2
6.851575066,-0.167537127,1
-6.902538185,-9.264791418,2
6.657126903,7.727562328,0
-6.94973678,-7.56179624,2
6.875862856,9.697031112,0
5.480655548,9.80060857,0
-5.333602241,-8.730374826,2
7.400261419,0.493741925,1
5.897034823,2.10260287,1
-5.66376594,-10.76588486,2
7.057915292,11.32998042,0
7.466231886,10.63891852,0
6.167672344,2.310935946,1
8.00236864,10.1691733,0
-5.015650975,-10.72411677,2
7.275173091,-0.253081229,1
-5.401490224,-10.093385,2
7.287249955,7.620997995,0
4.782467275,9.3505726,0
8.17443252,1.124658438,1
-4.803074145,-10.66570304,2
-3.359831632,-9.584546828,2
-4.989015275,-8.78536908,2
7.074739394,-0.840323058,1
-4.99985851,-8.228212316,2
-5.637845653,-9.761487233,2
7.144105098,8.952096851,0
-5.571445617,-9.558556613,2
9.105618297,8.300958689,0
7.541073189,8.998105762,0
8.031274855,8.377475219,0
7.094764058,8.325454112,0
8.015583888,11.14297995,0
7.256534427,0.008268347,1
9.036123108,0.975632658,1
6.988026486,0.624051803,1
6.396921717,9.595336101,0
-5.518649494,-10.40905206,2
7.594856728,0.421986805,1
-3.751061008,-10.21598785,2
7.738309803,9.562368524,0
7.446369848,11.43674954,0
-5.088093692,-8.79551279,2
-4.872600996,-9.587977255,2
7.114002298,2.133040141,1
6.535527487,7.70694141,0
-5.670215483,-10.35926797,2
-6.697773966,-10.3233251,2
9.456209117,10.19130574,0
8.203245083,1.029187138,1
7.796506537,1.490080438,1
5.509591222,10.14965175,0
6.655891363,8.010925834,0
7.059156138,1.125374678,1
7.599264254,0.265095557,1
7.385360563,0.763919737,1
6.354469184,10.86403337,0
10.02616584,9.903861255,0
7.148329045,8.176260518,0
-5.468194944,-9.043324254,2
-2.972678012,-8.602079073,2
-4.322393026,-9.052794085,2
9.036123431,9.904656949,0
6.983623387,0.426530116,1
10.52905575,7.91319456,0
7.571351032,8.96715396,0
8.076807633,11.74579608,0
6.519828522,0.354864271,1
-4.723174919,-9.11032889,2
5.932665769,1.331731054,1
7.197689588,9.758363402,0
6.876047381,8.505383562,0
7.324241659,0.709480092,1
7.460675926,0.256750303,1
6.07903725,1.102667373,1
6.029378979,10.31974057,0
5.327805882,8.178004479,0
5.521617747,7.984463724,0
-4.020878065,-9.283537273,2
8.061640782,8.437369678,0
-5.99441936,-9.980940942,2
-6.49677361,-9.845715438,2
6.34102578,9.701047846,0
9.492081404,10.82670873,0
7.981794001,0.870678417,1
5.72609648,10.12272295,0
-4.391900994,-9.736118753,2
-6.700288566,-10.10029366,2
7.144610538,11.25463189,0
7.157023384,10.01903004,0
8.356889328,9.043980122,0
8.313412303,9.983845987,0
-5.524174466,-8.738527276,2
7.39686722,1.415171164,1
7.177997987,2.858351811,1
7.82832936,7.768648829,0
-5.387475096,-9.249678018,2
6.159924603,1.47702419,1
-7.243632169,-9.839329029,2
6.857695033,10.30105929,0
8.58466103,1.957400046,1
-4.705895064,-9.72402509,2
7.107932976,9.782900228,0
-6.028815818,-8.827896169,2
9.898969614,0.680812011,1
6.637798751,-0.612236967,1
8.185144741,9.513377728,0
7.379562483,0.401177074,1
8.361865983,9.089581131,0
-5.58223519,-10.33467745,2
6.544332444,0.360125996,1
8.766431189,9.303503211,0
7.654010842,9.608541662,0
-6.560867359,-10.68897154,2
7.282131961,0.69249328,1
8.758949928,8.375096688,0
-5.616861425,-11.41204889,2
-6.123253599,-10.02931071,2
6.872084893,1.263368075,1
8.227998692,9.813317716,0
8.822173992,10.76232162,0
8.380573845,9.997721435,0
8.004022596,0.251838895,1
7.439478971,8.842126247,0
-5.904395668,-7.72947134,2
6.089080367,-0.198432214,1
-4.834444365,-10.50212593,2
7.252454306,1.30370749,1
7.849855425,9.960505615,0
7.294339842,9.794864677,0
-5.015706555,-9.842442112,2
7.583890643,1.062689068,1
7.498143734,9.296770193,0
-6.605666442,-8.971654622,2
6.917124386,9.038446937,0
7.407838707,6.93633083,0
-5.786755041,-9.584086402,2
6.299508693,10.4054317,0
-3.579962333,-9.514041357,2
-3.776805847,-9.986767034,2
7.761340853,10.0125941,0
7.809039745,0.65641425,1
7.529945143,0.934866338,1
-5.36049907,-9.798900833,2
-5.531018917,-10.89241342,2
-5.88577644,-7.667974199,2
-6.071611944,-10.80726875,2
6.68700629,1.361239297,1
-4.654291738,-9.369372667,2
-6.221673283,-9.699832408,2
6.177797213,2.287181027,1
9.47161155,-0.175410738,1
-3.905099682,-11.25684823,2
6.12407846,0.363509377,1
6.258170822,9.795054773,0
7.942515623,0.004123764,1
8.749478809,-0.195377468,1
7.790889403,0.522684193,1
-6.153252667,-10.4971009,2
6.553639398,1.87061059,1
8.065051051,1.138681674,1
-5.352476531,-7.617966657,2
-5.818032302,-8.740604938,2
-6.422307931,-10.87314224,2
7.48842826,-0.175688384,1
-5.332053895,-9.34681036,2
7.906519408,9.280030298,0
7.666402592,9.688326756,0
6.845489503,9.753305708,0
7.462705044,9.596280779,0
7.199932986,9.223367558,0
7.298511064,-0.613734999,1
7.943106474,8.206222084,0
9.170618012,10.37690696,0
8.30125946,9.663941226,0
7.082715724,1.977245695,1
5.31857619,1.210728262,1
7.250170244,-0.147817723,1
8.628704788,11.26355434,0
6.822998182,0.277140149,1
9.4035308,8.09592099,0
7.761268701,2.000565366,1
8.483854539,9.82747089,0
-5.743348013,-9.040961459,2
8.993341533,9.731349105,0
6.457950989,0.574883249,1
-4.286215157,-10.11067057,2
6.876264335,9.226009689,0
-4.400707606,-10.26316533,2
8.343617183,8.737977305,0
7.617174293,0.251835734,1
6.137534105,8.370529863,0
6.355114823,0.774426879,1
5.28054908,-0.644611244,1
-4.925528911,-11.74031136,2
6.737252243,10.25875604,0
6.790188017,1.567668496,1
-4.55684408,-10.43391242,2
8.562581979,8.121830104,0
-3.901868068,-10.29816164,2
-4.946428797,-9.04798399,2
-4.981715228,-9.85814636,2
-5.805860836,-9.381421344,2
-4.120200282,-9.76732314,2
-3.979840168,-9.38914562,2
-4.367223594,-9.692845272,2
-5.225280427,-9.401169161,2
8.288270951,10.71730803,0
7.09276152,12.27174213,0
-4.027710197,-10.80536797,2
7.550180054,10.24765744,0
-6.394480757,-9.145289263,2
-4.684152424,-8.645252908,2
6.230076836,9.808258981,0
-4.404980496,-7.607359542,2
-5.14224866,-10.78632966,2
7.766961583,0.502736208,1
-5.036285645,-10.67914559,2
6.903056009,-0.118207927,1
-7.048534558,-8.638009783,2
8.995584124,9.042043879,0
-4.004301266,-10.15740502,2
7.299314661,0.010726249,1
6.798585296,10.14111827,0
-4.665015237,-9.677873921,2
8.735763541,9.270305258,0
-5.653043199,-10.16187757,2
-4.967814707,-9.159009361,2
6.641133029,1.57077114,1
-5.043643807,-10.40654994,2
-3.665370797,-11.44343186,2
7.47254626,-0.134695109,1
5.974639733,10.87350623,0
7.49985237,9.552742844,0
-4.611716582,-9.847429773,2
8.825534226,1.014738109,1
7.645628401,8.236672534,0
6.324774765,9.312177415,0
6.944341445,-1.311319266,1
5.307010223,8.674386261,0
5.660203194,9.18115053,0
-5.676669713,-11.76458329,2
6.505189212,9.020536541,0
-4.143051902,-10.23065366,2
6.811700496,10.8840413,0
9.100888584,9.148074112,0
6.612812282,-0.28571093,1
7.06753682,0.123807805,1
-3.96660897,-11.93967122,2
-3.157731228,-9.15356037,2
-3.614353583,-10.83597443,2
-6.302699285,-9.516398002,2
7.340117953,9.953611255,0
9.587855132,1.171044244,1
6.975041624,8.74549857,0
-5.182187383,-8.457588998,2
8.090742154,9.563037003,0
-4.316823009,-8.342906195,2
-4.16769729,-10.6521418,2
-6.081972441,-9.584494878,2
5.75779231,9.567245474,0
-4.799714069,-9.077970001,2
-5.955969389,-11.05211811,2
6.673038569,1.733254624,1
7.102378222,1.160504644,1
5.862039416,1.605294191,1
7.022149527,0.600276312,1
-3.872550716,-10.43438102,2
-4.433028392,-9.629918504,2
8.12711426,1.087734115,1
-7.274755801,-9.861294067,2
-6.331967062,-9.05598579,2
6.502814386,1.32550707,1
7.679972151,10.08109486,0
6.937048193,-1.035641673,1
6.191581444,0.627353275,1
8.039351076,7.927554188,0
8.830532419,8.755641347,0
-5.541033741,-10.12834098,2
7.033413067,-1.118673682,1
7.7783429,2.547710949,1
7.36452948,0.712377526,1
6.480930152,-0.341184359,1
6.557696257,0.023529704,1
8.577928699,-0.581603876,1
-4.260804934,-9.895371606,2
-3.770837096,-8.532279982,2
6.721627961,1.397913878,1
-3.702478774,-9.917209682,2
7.688323333,-0.372463061,1
7.553033523,11.85706105,0
-5.388914053,-10.46156433,2
5.970156127,1.160137963,1
8.577081496,0.013287385,1
-6.333780701,-8.890326074,2
5.926606976,-0.101156512,1
8.206521361,-0.187905877,1
5.814825145,10.58252039,0
-6.213021374,-11.3941472,2
8.008997516,8.858210631,0
7.781380436,2.386399679,1
-5.477951888,-11.02679152,2
7.316132875,0.638449333,1
7.861940633,8.796508559,0
7.333917137,1.034616128,1
-4.359200546,-9.078518773,2
6.976465834,9.593371595,0
8.231847573,10.84769319,0
5.633586672,1.305036173,1
8.317930019,8.129727054,0
7.270558055,8.633104122,0
-5.275571451,-9.269518545,2
6.345261255,8.706777787,0
7.370441177,10.127437,0
6.470337777,9.602759857,0
7.907786577,-0.550945706,1
7.020378883,9.256440635,0
7.082827984,9.71921331,0
7.546713122,-1.104590826,1
5.628039516,9.775854429,0
-5.350481505,-10.37543936,2
7.373285718,-0.234925881,1
7.637847647,0.7314403,1
5.554517951,9.870899985,0
9.124956238,9.389740783,0
-4.788284225,-12.65824828,2
6.093822816,9.380444473,0
7.463039187,0.488427179,1
7.295987365,1.556671634,1
10.01367527,10.52089453,0
-5.417838417,-10.02986183,2
7.490183855,0.321064603,1
-4.339489719,-10.94550622,2
-5.680372481,-10.5513183,2
7.639447064,9.992765902,0
7.663201184,-0.238281267,1
-6.052136698,-9.460482128,2
6.458167174,0.248359791,1
-5.700586154,-8.463059026,2
-6.14929105,-9.976100622,2
5.172096482,11.78064756,0
-7.502235498,-9.688078492,2
7.327400013,11.34359125,0
6.437531237,11.27852227,0
-5.519785932,-10.38871742,2
-7.342354603,-8.369635919,2
8.471430464,1.75973338,1
-4.081704837,-8.95240874,2
7.605835701,-1.114464361,1
5.609576741,0.142770596,1
-5.485928793,-8.116851123,2
7.82667343,0.319105859,1
8.053330785,10.85408107,0
7.332552501,10.08095836,0
-6.228268194,-10.89446866,2
7.535525728,0.971957246,1
-6.86204306,-9.990606533,2
-4.595723842,-9.512611722,2
-5.333284526,-10.10459887,2
6.16527528,9.523134378,0
-5.448890458,-12.12900891,2
9.393491345,0.174603613,1
6.843714977,1.037441033,1
-4.306666154,-8.864913715,2
7.327421541,9.836794804,0
5.906903848,2.514460235,1
8.828379821,1.621919712,1
-5.810102446,-7.706155461,2
8.759721172,9.129311482,0
-5.12558485,-8.374726096,2
8.335949496,8.224382628,0
6.476460175,0.902550935,1
-4.806857041,-10.65574628,2
-5.205838431,-8.416771421,2
7.079786441,7.814277469,0
6.461068367,8.42025476,0
-4.166775166,-8.422034049,2
7.754890301,-1.025971776,1
8.809962126,11.9021701,0
7.312942959,9.921663313,0
6.956842099,-0.649219744,1
-6.288192038,-9.22624729,2
-7.295473371,-9.777865384,2
-5.960753507,-8.704856177,2
7.154961102,-0.791935027,1
7.120107197,0.412941413,1
7.596350953,8.019795497,0
7.402927028,9.162177022,0
7.513925832,10.21349043,0
7.539258148,0.643671797,1
7.302680041,10.59578935,0
7.224253058,0.185507751,1
7.860197702,9.217441748,0
-5.490867041,-10.71384379,2
8.004056306,10.53695374,0
-6.368786553,-10.71496845,2
-3.983413479,-8.385630983,2
6.100713556,9.290077038,0
-4.597495148,-10.80053372,2
5.85065958,0.539031589,1
8.553081865,0.467367015,1
8.348625461,0.786579861,1
-6.117929379,-9.397125104,2
6.453712653,-0.637891657,1
-3.910443904,-10.83908453,2
8.637169091,9.694663174,0
-5.755931855,-9.073881146,2
8.404649891,9.344695631,0
7.715851098,-0.03494254,1
6.372830325,0.683004506,1
-4.986324131,-8.476808638,2
-5.247824773,-10.6321283,2
6.931317013,7.894247337,0
-5.072003025,-9.358351064,2
-7.254513196,-10.57584389,2
-5.797878894,-11.39467371,2
7.08412928,8.92611116,0
6.482589066,8.882641159,0
-6.125257724,-7.784590512,2
10.1452276,0.78453636,1
-4.862663399,-8.733772078,2
6.426264454,2.469657363,1
-4.611685793,-10.45546959,2
-7.034355739,-11.02406813,2
7.069297628,9.526023291,0
-4.961985204,-10.01109018,2
7.331433931,10.24341591,0
7.090229485,8.579197985,0
-6.238979091,-11.13376993,2
7.493413099,11.00892356,0
7.334904529,9.639423948,0
-5.531048333,-10.96288583,2
6.624326433,1.360936421,1
-5.611552391,-10.73489485,2
8.383719686,11.1685078,0
6.339747542,0.704288636,1
6.949924651,0.825730004,1
6.493335871,8.848036465,0
6.112719046,1.846418821,1
-6.161604494,-10.93958808,2
7.021173798,0.35496315,1
-6.15084298,-9.421857616,2
-4.541039458,-8.360323361,2
8.805752628,8.409936709,0
8.904329575,9.13576844,0
-5.277754572,-8.727364546,2
-6.617340777,-9.145690502,2
-4.798225067,-9.046543442,2
8.399764621,9.256825363,0
7.754309956,8.998614251,0
9.420773371,9.17028998,0
6.959417286,8.592999938,0
-6.007093865,-11.93033468,2
7.774227736,1.76912646,1
7.723602613,8.686384495,0
7.844021303,10.29060403,0
7.657501459,10.54387066,0
6.961078089,8.601280167,0
6.346396584,9.112323329,0
-5.506717888,-11.03656177,2
9.299728172,10.57497215,0
-2.656811322,-12.04241122,2
-4.530663347,-11.06998031,2
6.765258793,0.055604712,1
6.500793909,0.667344473,1
-6.458527302,-10.28411739,2
-5.412022749,-9.237468697,2
7.352660355,2.228809835,1
-5.033851168,-10.12649107,2
-4.650842313,-9.536424685,2
-4.406208633,-9.095040035,2
7.30906108,9.183308123,0
7.732447992,8.864139527,0
7.128514325,-0.005098509,1
-5.577961346,-10.1414784,2
8.062160638,8.713843739,0
8.495852055,0.827254218,1
6.376569538,2.173988357,1
-5.319390496,-10.36453146,2
7.234011252,0.106174996,1
-6.378030017,-7.924282932,2
6.120522791,9.640647666,0
-5.015677309,-8.256810195,2
6.095929046,6.51928917,0
8.263415695,10.34723435,0
-6.27833351,-11.17500948,2
6.701210408,9.901730773,0
-5.785706199,-9.187364491,2
6.981911578,-0.863220183,1
-4.753176279,-11.57292613,2
8.147293921,1.293713827,1
8.557122044,9.644839433,0
7.345902287,7.697375691,0
-5.269840121,-9.665815796,2
7.972963932,9.303107578,0
9.563336482,9.515923021,0
9.174138383,-1.055358265,1
-4.028064211,-10.29918185,2
-4.944625238,-8.555301449,2
-6.002011675,-10.96447604,2
-4.930814487,-10.73401036,2
7.050450592,8.738814016,0
8.962494792,0.815505362,1
7.965133075,-0.416573204,1
6.049707389,1.103893484,1
-5.709134363,-10.06144644,2
6.673455281,1.184049924,1
-3.733605041,-9.310662768,2
-5.384298854,-10.24107555,2
8.911112188,9.149332645,0
-5.458496761,-8.812315443,2
7.514634036,10.14107588,0
8.657225659,10.56735235,0
7.297254734,9.993720248,0
9.724774934,1.345076819,1
7.495019679,1.335975923,1
-3.11303091,-10.17346525,2
9.616043049,0.343561064,1
7.321916123,9.610742415,0
8.529917941,11.01738261,0
-6.514696877,-8.764652682,2
7.307783189,1.012489143,1
7.74371276,-2.045012662,1
-6.489223306,-8.039382641,2
8.818548508,8.458093041,0
5.822597951,8.887272306,0
5.978600438,1.018881346,1
-5.701327992,-11.77646863,2
6.603466195,7.384882277,0
6.613467773,0.988297309,1
7.102170123,7.533531449,0
-5.339592014,-9.580717741,2
6.846036207,0.272067717,1
6.023672852,9.945848986,0
6.119491727,1.955096627,1
-6.91889574,-9.601509284,2
-5.677990466,-9.871077733,2
-4.376411096,-11.7923794,2
8.456234012,9.741804387,0
8.725786965,10.34691678,0
7.601492627,-0.042785938,1
-6.274883691,-9.970511963,2
-4.67606185,-10.17534205,2
8.570374569,10.8436764,0
6.534239699,9.45532341,0
7.532285112,9.877502923,0
-5.432777374,-10.53024256,2
-4.935162698,-8.892353408,2
7.680644647,-1.202253388,1
7.220098356,8.114186758,0
7.33437147,0.057565971,1
-7.508463857,-9.951800505,2
-5.458505554,-10.8144128,2
9.127752609,0.500144934,1
7.150133208,9.528939355,0
6.807832844,0.088824223,1
-6.048644991,-8.586050253,2
8.324331024,9.13308248,0
8.894646057,10.29806397,0
8.371574394,1.46112106,1
-6.317414668,-9.059940068,2
7.443800312,1.490855525,1
6.584020798,9.003256642,0
-5.412468078,-7.535161956,2
8.166823013,0.712865261,1
-6.390351678,-10.12530674,2
6.643763371,0.892832301,1
-5.96468883,-11.24534517,2
7.946235377,8.02372264,0
5.055547684,10.44791642,0
7.988133325,9.780335622,0
7.891672008,9.359525812,0
7.497120516,0.047560951,1
-3.561036158,-9.540943386,2
-6.782030965,-8.496161015,2
6.890788892,10.61298902,0
7.097004331,10.14491792,0
-3.762660501,-9.232599548,2
8.94302415,8.407216892,0
8.20409105,8.701913614,0
8.484343232,1.27849933,1
5.284357736,10.16972385,0
8.94862707,0.924456569,1
9.199313087,-0.080048657,1
7.584237254,10.70124388,0
6.596820638,8.020069388,0
8.39340724,0.718678888,1
7.348930124,10.2179733,0
-5.362957279,-9.738189882,2
-4.657307255,-9.702588065,2
7.743375938,8.58358823,0
5.499532132,9.043844938,0
-4.953867758,-9.505236666,2
7.890645942,11.46433679,0
7.799257027,0.247127158,1
-5.18307478,-9.184139361,2
-5.391863795,-10.06089245,2
6.897038411,7.980810089,0
7.675374241,9.588135984,0
6.799474845,9.16651778,0
6.308949078,1.348015657,1
-5.756374787,-9.430653059,2
-5.742493894,-9.126972679,2
6.556864827,1.121640718,1
7.205078208,9.187011903,0
6.967768048,10.13415453,0
-5.679656408,-9.97363818,2
-5.582081964,-9.973993136,2
6.346814726,10.33075642,0
-4.757642239,-9.917949432,2
-5.085754801,-9.654618476,2
7.970490012,9.541129474,0
-4.314443681,-8.328957099,2
6.649260584,-0.621089868,1
-7.754657409,-10.31211779,2
7.965683568,9.637102991,0
7.84627926,9.886906563,0
8.643724091,0.954736464,1
8.560337849,8.147357867,0
-6.405394401,-9.45798407,2
-5.45049596,-9.449539391,2
-6.215979122,-9.851260477,2
7.404672247,1.041871253,1
6.725046622,1.033067922,1
-5.196298678,-8.981002577,2
7.350809615,9.837640231,0
6.877701458,9.157862103,0
7.418978543,8.589611475,0
-6.595095013,-9.108621883,2
-4.011066237,-9.44451207,2
8.017460404,9.397055842,0
6.70727256,10.79793008,0
7.618604763,2.266711654,1
-4.095041934,-9.091207072,2
8.153571802,0.558245933,1
-5.546456728,-10.48677419,2
6.967678665,8.962252297,0
6.505858465,1.977661149,1
6.629342338,9.653572936,0
7.02289183,8.213705257,0
-6.161753432,-9.318810368,2
5.918844875,0.222271513,1
-5.633446528,-8.015166539,2
-6.981159421,-8.907409206,2
-4.076768237,-9.77789777,2
5.93633182,-0.304952707,1
6.558192059,8.847932387,0
5.848518298,0.037369392,1
-4.961700342,-8.181516822,2
8.005995102,9.533883894,0
8.130275826,9.894843874,0
-5.959323185,-8.242238139,2
8.936724595,10.09600581,0
-5.084575647,-9.882638983,2
-4.754899141,-9.439094413,2
7.242110009,7.485068714,0
7.544678415,2.361623805,1
5.389978582,9.048110162,0
7.137601325,9.843454636,0
6.380929966,9.195355309,0
-4.421515693,-8.567877627,2
-6.455012546,-10.01284746,2
6.918209163,8.70961873,0
7.704762651,8.757450287,0
7.717888015,0.106103538,1
7.727890017,0.444555195,1
6.711353234,-1.229679086,1
7.084988606,-0.086248934,1
6.193999632,8.197869542,0
-5.736992394,-9.117261093,2
7.311699245,-1.048607,1
8.093596288,-0.964688625,1
7.52411268,7.759860003,0
-6.003248229,-9.406918955,2
-4.703635814,-10.88303093,2
-5.861519563,-9.000406729,2
-6.407179454,-8.735122388,2
7.940733558,0.802257601,1
6.182987527,1.692512258,1
7.87092043,1.359880893,1
-5.742212689,-7.850802285,2
7.668771363,-0.465677632,1
7.271551018,0.8874995,1
8.104677691,-0.261332752,1
7.558501386,9.748163371,0
8.148873277,-0.184769118,1
7.924096066,8.644638392,0
-5.015243092,-10.20848196,2
-6.718965708,-8.684935987,2
6.045841086,-0.875685977,1
-3.850760207,-9.77385519,2
7.555731198,8.758944702,0
-7.176197016,-8.886873045,2
-4.829673949,-7.897705348,2
7.020105068,10.49638253,0
8.480213254,-2.098866821,1
-2.65208827,-8.977366672,2
-5.47160031,-10.14404,2
8.489377712,-0.42926957,1
9.19242713,8.684329014,0
-6.28468288,-9.976514986,2
-4.912405479,-8.20343774,2
7.692699956,0.766182949,1
9.311659486,2.322363093,1
7.364905096,8.998596573,0
-6.13896085,-11.01065523,2
7.436768427,2.204487399,1
8.256349034,0.000973141,1
-5.939770512,-10.09541127,2
7.136341605,0.454060297,1
7.193336928,10.48449688,0
-5.423995701,-8.710141362,2
7.428813523,9.647872083,0
7.546140674,-0.428224413,1
8.210425136,7.852069624,0
7.612279074,9.446362698,0
7.141903176,3.630418938,1
7.589561079,0.553161986,1
5.427955365,0.204493056,1
8.71912964,10.09225846,0
-4.344676065,-9.067523868,2
7.933947477,2.608371374,1
9.923912258,2.003725852,1
-3.86575493,-11.02330839,2
7.325143009,9.825415659,0
8.011419198,9.201929938,0
9.81508557,7.289989849,0
7.846588319,1.276309683,1
7.173669183,0.864925087,1
7.052308382,0.799257992,1
5.934351758,9.476117339,0
6.796196946,9.017446802,0
-5.092913267,-9.486213495,2
7.650103465,0.378325954,1
6.487391973,8.838653106,0
7.702150536,1.844344318,1
-4.693377967,-10.50200124,2
8.839114865,9.599352429,0
8.25581951,6.199873473,0
5.558640725,-0.283392394,1
-4.064788653,-11.36890781,2
8.500494611,9.121478552,0
-6.094039571,-10.29924986,2
-4.077160099,-10.18817375,2
-5.043105301,-9.405180894,2
8.764664972,1.928726502,1
6.666179778,10.62116776,0
7.415465954,9.724758372,0
7.643292903,-0.274119362,1
-2.06501009,-9.372874992,2
-4.6471231,-10.00808888,2
7.050920596,-0.105007864,1
8.330848995,8.726836202,0
-6.035027004,-9.105910808,2
8.331403423,-0.328093213,1
9.156683093,9.594598875,0
-5.784795062,-10.00144268,2
8.259500267,9.078816494,0
7.314983406,1.435723599,1
8.295171549,1.692557162,1
8.453634717,1.655083233,1
-4.624146296,-10.36111819,2
8.245761857,8.386416744,0
6.517451922,9.700957343,0
7.603869794,1.934557272,1
-5.882340986,-8.87846678,2
9.083646344,8.577780175,0
7.734932284,9.481943576,0
7.964815922,8.039146588,0
-5.202712044,-10.48541289,2
8.282987311,1.096013152,1
8.536915755,-0.272207446,1
7.577357311,0.097981519,1
9.063055276,1.632457537,1
-5.113907721,-10.20843384,2
7.406887203,1.371880318,1
7.165127521,1.038499924,1
-4.377416144,-8.235112291,2
6.131165679,9.501550492,0
-5.413733757,-9.089166495,2
8.110486744,0.922050958,1
8.209892199,10.4252942,0
8.476340269,10.66146866,0
-4.396705871,-10.52518275,2
7.100425313,0.296996645,1
-5.601702517,-12.00177589,2
6.484657241,8.829499466,0
-5.391507552,-7.530461193,2
-6.255529435,-9.603624003,2
8.47597142,-0.309911726,1
-4.16014613,-9.128857047,2
7.991589547,0.206356629,1
7.511014119,1.342335279,1
-3.187685552,-9.978846349,2
8.161114639,9.476725939,0
-3.558718352,-12.08497834,2
-6.789973354,-11.01942469,2
-4.632709088,-11.13171224,2
6.746665746,0.364823898,1
-6.633939922,-9.719535833,2
7.440504692,-0.662691092,1
7.768436237,10.31696893,0
8.98344372,8.371971603,0
-5.693553714,-11.63632003,2
6.204317428,8.968977479,0
9.115122784,-0.857298592,1
-4.410929006,-9.655237913,2
7.542139602,9.146221821,0
10.03697817,-0.144188724,1
7.405819691,9.53880365,0
-5.085452512,-9.070373737,2
5.674807114,8.366011375,0
6.393715102,1.079915227,1
7.541789594,0.289181878,1
-4.778838695,-8.865807646,2
5.942055856,10.50768333,0
8.607395042,0.744436412,1
7.468375023,-0.370395214,1
5.381664955,-0.81502323,1
8.459708695,10.81917118,0
6.028262888,9.362946021,0
-6.461112297,-9.286982246,2
-4.498478982,-12.26996831,2
7.585959834,9.378869432,0
8.531839707,0.519747314,1
7.220951917,8.06544414,0
5.878774849,-0.253264461,1
8.564814232,9.444920689,0
8.281756649,9.023810557,0
6.883545778,9.13348831,0
8.603578571,1.88425924,1
8.887156944,9.691329743,0
7.601887082,10.06902343,0
6.582628535,-0.665670075,1
8.532490136,2.013988309,1
7.815725819,10.58049713,0
8.262899733,2.41574635,1
10.27954291,9.825505656,0
-5.708849179,-9.822599467,2
-6.492893513,-8.736856642,2
8.504386831,0.630744939,1
7.375233571,2.664682717,1
7.732811642,10.49095778,0
9.393895802,11.21715689,0
6.703206868,-0.183138058,1
-6.016727234,-10.56204223,2
7.105385517,9.289557662,0
-4.405522056,-10.81494273,2
7.032756284,1.084003273,1
-4.550742594,-10.18265522,2
7.184325325,9.319219921,0
7.614899101,-0.836959829,1
7.437052161,11.3923226,0
6.161095839,-0.136196322,1
-5.954763905,-10.52592968,2
7.138143577,-0.698646954,1
7.564759624,11.24762868,0
6.855831975,1.385287729,1
5.689991632,7.716469935,0
7.613424185,8.78546818,0
-5.475500214,-9.695415046,2
-4.771670496,-11.70182324,2
-3.975122739,-9.699459191,2
7.116220492,0.704089617,1
-3.948344286,-9.644605078,2
-6.429249488,-10.59714594,2
7.583475198,9.168472111,0
5.923319757,-0.81125483,1
6.617698584,0.199261674,1
5.829173407,0.413564524,1
6.285160909,11.28717687,0
8.508479458,7.799739609,0
-5.886181113,-9.552276272,2
-3.889428801,-8.544980446,2
8.018217443,1.075139763,1
-5.133998706,-10.2357748,2
-5.592569176,-10.04652409,2
4.333668288,10.51034676,0
7.695706559,-0.070476114,1
-6.836597711,-11.81610655,2
8.034405059,8.380292976,0
7.407019648,0.231194905,1
9.196424224,11.57536954,0
-6.21907841,-8.501906699,2
6.015169074,0.529968588,1
-5.330910431,-10.31089746,2
6.418958969,11.45135012,0
5.807127614,9.959685509,0
-6.274865432,-10.2707769,2
7.389896996,0.281691513,1
-5.075951015,-10.38604734,2
7.13579057,7.589231204,0
7.730045875,6.86264178,0
7.8372616,1.326480053,1
6.958024592,9.199246113,0
6.544669351,8.690372424,0
-7.07345448,-10.45507043,2
-5.219211433,-11.14354088,2
9.56099673,10.66290816,0
-4.496193538,-8.973778445,2
9.444365823,1.517759341,1
6.446287111,8.737287102,0
9.152218644,9.444449922,0
-5.756934273,-10.77453887,2
6.156585123,0.744267893,1
7.842251883,-0.887216585,1
-5.203176498,-8.905341471,2
-4.713290705,-8.780731449,2
5.90406123,0.865308488,1
6.861970412,0.021028879,1
7.146066008,0.96829472,1
6.80837727,10.32244031,0
6.273289543,0.148053526,1
6.1874664,8.72464242,0
5.529725573,0.273141714,1
-6.577963682,-8.93947365,2
7.361307822,3.216567786,1
7.401333187,9.393628139,0
6.793192177,9.036795245,0
8.405192256,-0.414323479,1
-5.879394503,-11.06049907,2
-5.31022272,-9.694128323,2
6.197312842,9.435575991,0
-5.65607579,-9.218868299,2
9.211253513,1.340045231,1
-4.783277436,-9.995197476,2
-6.686730218,-10.24932711,2
7.123291198,3.252803476,1
8.688075236,2.00747507,1
-5.511409826,-9.997978964,2
7.8527957,1.276638754,1
8.024041127,2.467372156,1
6.268359272,9.347651742,0
7.40314915,10.42342437,0
6.892608939,-0.721691822,1
6.47705644,1.976655746,1
-4.356531404,-8.27247415,2
9.674867532,9.338118978,0
-5.287124847,-10.75034173,2
6.449173534,8.99119393,0
8.67179956,10.41538835,0
-6.127009967,-9.34577717,2
8.706882644,10.68949521,0
9.515117336,9.440964753,0
7.307495431,0.36116924,1
-3.782317657,-9.605508654,2
-6.319316717,-8.916202451,2
8.080346048,10.02847377,0
7.073470584,1.102596733,1
-5.420392091,-10.61262253,2
-5.872515033,-10.05616049,2
5.928316239,0.805108282,1
6.119032227,1.214128861,1
8.815718402,1.118868017,1
6.860478839,0.285726642,1
-6.900842366,-10.65405608,2
-5.890527267,-9.921732793,2
7.098830488,1.076079785,1
7.80358396,2.381288322,1
7.608822596,-0.046017466,1
7.366256631,0.262267312,1
6.664437481,2.591332306,1
7.613987943,-0.646069762,1
7.759294005,1.912479439,1
7.646556689,0.744599101,1
8.761443864,8.82718407,0
-7.923457036,-9.49738605,2
7.069227987,-0.553194966,1
6.414289676,-0.995072112,1
8.764907669,0.144356534,1
8.181339343,1.224395836,1
-5.591013859,-8.569072632,2
-3.88330147,-10.99859087,2
7.542578189,7.024030194,0
8.43781917,8.956956569,0
6.24679228,8.480445057,0
6.922931236,1.894971339,1
7.98571966,-0.538933484,1
6.975589676,0.369070624,1
7.602527202,8.989623865,0
9.022555255,10.06777901,0
7.18836824,1.335946824,1
-7.394408762,-10.36382131,2
7.345593754,0.242430171,1
5.70168262,0.254498454,1
-5.382500377,-9.710263353,2
7.959323157,10.26579813,0
-6.520559885,-9.045689587,2
-5.407528153,-9.586307471,2
-5.057504727,-10.08727933,2
-5.295801877,-9.0653942,2
7.390037243,0.906630085,1
8.552771832,0.252208499,1
-6.732605991,-10.32477599,2
7.469969217,8.449353229,0
7.592402558,3.221745847,1
7.559372096,0.409155894,1
-6.050944668,-10.54761055,2
-5.767603924,-10.21740249,2
7.074771719,1.303251708,1
-4.560250826,-9.679783677,2
-4.166932538,-9.649532505,2
-5.273060653,-11.65017446,2
7.502475512,0.56336424,1
6.674182313,-0.768865206,1
-6.134453793,-9.138795977,2
-5.436785981,-9.027444182,2
9.631151928,0.737176441,1
-5.982609566,-9.196180791,2
7.791566025,-0.642177932,1
-5.255008348,-11.37171992,2
-4.76052725,-9.228160805,2
6.787808317,-0.558297645,1
8.611882247,3.513048976,1
6.190061076,10.03696568,0
-4.935047205,-9.296191304,2
3.909128391,8.100093974,0
-6.738979378,-11.13942186,2
-4.500386034,-10.95997537,2
-4.716531735,-9.428535787,2
-5.218802894,-9.801141299,2
7.405659326,8.829244796,0
-3.722597993,-9.894775412,2
-3.730701564,-11.20541156,2
6.695671371,-0.876037011,1
8.00558066,1.88116832,1
6.853442255,-0.148903941,1
6.12055883,0.968962865,1
7.891916092,1.43728369,1
6.936188113,10.32169218,0
6.540016929,0.846935596,1
8.292819895,1.902956889,1
7.771020644,-0.381201052,1
-5.569166176,-11.2582862,2
7.409347119,1.55251299,1
7.515899093,7.756087759,0
-4.799337454,-13.59028022,2
6.815867562,9.962567808,0
8.328136165,9.140024261,0
-5.889004005,-8.684008149,2
-3.960096524,-9.815513117,2
-7.638896674,-8.726739232,2
6.135798757,1.144027608,1
8.355842605,1.773361802,1
6.983759982,0.67115418,1
5.316819139,0.75196631,1
7.612029296,9.028169224,0
-5.238752981,-8.797376627,2
8.349375653,2.133305842,1
-6.867910649,-8.66810387,2
-4.667367072,-8.887506301,2
6.704580862,0.900552911,1
8.203161595,12.01375618,0
8.823202369,2.554997909,1
5.879157316,9.743647324,0
6.174010938,8.417496377,0
7.571393539,0.397259121,1
7.298034145,10.26424512,0
7.096757877,1.41095237,1
7.534244118,1.120529203,1
9.95405977,9.517722897,0
7.803611283,9.745612644,0
6.583419646,8.426786794,0
7.883571428,10.93969515,0
7.269244513,0.453591523,1
8.663614343,10.0421757,0
5.648875674,-0.109564709,1
-4.562972288,-10.76707056,2
6.417630449,-0.301341546,1
-6.436185744,-9.828883428,2
5.715572309,9.750438195,0
7.811244361,10.79251539,0
-5.954220808,-10.08300986,2
-4.491808054,-9.251026211,2
8.446535833,8.177097199,0
-4.518291363,-10.78944486,2
7.254072948,0.932516493,1
7.396345937,8.901965589,0
-5.401468937,-9.526436635,2
8.635642393,8.674557272,0
8.190280194,9.192136203,0
8.234514319,0.897264359,1
7.515766674,-1.081519036,1
7.460747977,9.765378504,0
7.630271165,8.697979329,0
8.210991013,-1.072669429,1
5.881799599,0.166405791,1
-5.108546848,-10.45563946,2
6.690748554,11.95169837,0
5.915682995,1.076368844,1
6.841633957,1.76941044,1
6.000561743,-0.088989548,1
8.226003102,9.640270274,0
8.78218534,7.696247365,0
5.914146506,8.244433572,0
-6.662126138,-9.608685824,2
8.328377242,10.25265363,0
6.934385647,8.125404289,0
-6.151198979,-10.80641988,2
-5.040767895,-10.76345623,2
-6.309402309,-9.933445491,2
6.604967068,1.230701879,1
7.980476346,1.552361548,1
8.482698736,11.59341452,0
6.771515869,2.827680701,1
6.698194619,10.50100294,0
8.403215467,0.412586287,1
5.598788697,7.59170022,0
8.861611328,9.888677069,0
-6.099271101,-10.13688068,2
8.677279163,8.463473359,0
8.306249578,2.083231106,1
-4.749306048,-9.713703749,2
8.868524045,-0.946840595,1
-5.621852009,-8.862731096,2
-7.161339708,-10.78194151,2
7.420049129,11.69702765,0
7.322709016,2.139287858,1
7.93217276,0.584384186,1
5.845617547,8.408799245,0
-4.54697814,-9.559988404,2
7.736740969,10.82855388,0
-4.617010942,-9.648559833,2
-3.486401749,-9.257669218,2
