2,1,5.301e+05,38.5,66,28,3,3,2.8538,2,5,4,4,1.7551,1.5825,4.7075,3,5,45,8.4,2.037,3.0196,2,2,11300,0,0,2,2
1,1,5.3482e+05,39.2,88,20,2.3484,2.0173,4,1,3,4,2,1.7551,1.5825,4.7075,4,2,50,85,2,2,3,2,2208,0,0,2,2
2,1,5.3033e+05,38.3,40,24,1,1,3,1,3,3,1,1.7551,1.5825,4.7075,1,1,33,6.7,2.037,3.0196,1,2,0,0,0,1,1
1,9,5.2904e+06,39.1,164,84,4,1,6,2,2,4,4,1,2,5,3,3.6923,48,7.2,3,5.3,2,1,2208,0,0,1,1
2,1,5.3026e+05,37.3,104,35,2.3484,2.0173,6,2,2.951,2.918,2.2664,1.7551,1.5825,4.7075,2.7576,3.6923,74,7.4,2.037,3.0196,2,2,4300,0,0,2,2
2,1,5.2836e+05,38.168,71.913,30.417,2,1,3,1,2,3,2,2,1,4.7075,3,3,46.295,24.457,2.037,3.0196,1,2,0,0,0,2,2
1,1,5.268e+05,37.9,48,16,1,1,1,1,3,3,3,1,1,4.7075,3,5,37,7,2.037,3.0196,1,1,3124,0,0,2,2
1,1,5.2961e+05,38.168,60,30.417,3,2.0173,2.8538,1,2.951,4,2,2,1,4.7075,3,4,44,8.3,2.037,3.0196,2,1,2208,0,0,2,2
2,1,5.3005e+05,38.168,80,36,3,4,3,1,4,4,4,2,1,4.7075,3,5,38,6.2,2.037,3.0196,3,1,3205,0,0,2,2
2,9,5.2996e+06,38.3,90,30.417,1,2.0173,1,1,5,3,1,2,1,4.7075,3,3.6923,40,6.2,1,2.2,1,2,0,0,0,1,1
1,1,5.2855e+05,38.1,66,12,3,3,5,1,3,3,1,2,1,3,2,5,44,6,2,3.6,1,1,2124,0,0,1,1
2,1,5.2793e+05,39.1,72,52,2,2.0173,2,1,2,1,2,1,1,4.7075,4,4,50,7.8,2.037,3.0196,1,1,2111,0,0,2,2
1,1,5.2803e+05,37.2,42,12,2,1,1,1,3,3,3,3,1,4.7075,4,5,46.295,7,2.037,3.0196,1,2,4124,0,0,2,2
2,9,5.2913e+06,38,92,28,1,1,2,1,1,3,2,3,1.5825,7.2,1,1,37,6.1,1,3.0196,2,2,0,0,0,1,1
1,1,5.3492e+05,38.2,76,28,3,1,1,1,3,4,1,2,2,4.7075,4,4,46,81,1,2,1,1,2112,0,0,2,2
1,1,5.3023e+05,37.6,96,48,3,1,4,1,5,3,3,2,3,4.5,4,3.6923,45,6.8,2.037,3.0196,2,1,3207,0,0,2,2
1,9,5.3012e+06,38.168,128,36,3,3,4,2,4,4,3,3,1.5825,4.7075,4,5,53,7.8,3,4.7,2,2,1400,0,0,1,1
2,1,5.2664e+05,37.5,48,24,2.3484,2.0173,2.8538,1.306,2.951,2.918,2.2664,1.7551,1.5825,4.7075,2.7576,3.6923,46.295,24.457,2.037,3.0196,1,2,0,0,0,2,2
1,1,5.2905e+06,37.6,64,21,1,1,2,1,2,3,1,1,1,4.7075,2,5,40,7,1,3.0196,1,1,4205,0,0,1,1
2,1,5.3211e+05,39.4,110,35,4,3,6,1.306,2.951,3,3,1.7551,1.5825,4.7075,2.7576,3.6923,55,8.7,2.037,3.0196,1,2,0,0,0,2,2
1,1,5.3016e+05,39.9,72,60,1,1,5,2,5,4,4,3,1,4.7075,4,4,46,6.1,2,3.0196,1,1,2111,0,0,2,2
2,1,5.2934e+05,38.4,48,16,1,2.0173,1,1,1,3,1,2,3,5.5,4,3,49,6.8,2.037,3.0196,1,2,0,0,0,2,2
1,1,5.2168e+05,38.6,42,34,2,1,4,1.306,2,3,1,1.7551,1.5825,4.7075,1,3.6923,48,7.2,2.037,3.0196,1,1,3111,0,0,2,2
1,9,5.35e+05,38.3,130,60,2.3484,3,2.8538,1,2,4,2.2664,1.7551,1.5825,4.7075,2.7576,3.6923,50,70,2.037,3.0196,1,1,3111,0,0,2,2
1,1,5.3369e+05,38.1,60,12,3,3,3,1,2.951,4,3,3,2,2,2.7576,3.6923,51,65,2.037,3.0196,1,1,3111,0,0,2,2
2,1,5.2952e+05,37.8,60,42,2.3484,2.0173,2.8538,1,2.951,2.918,2.2664,1.7551,1.5825,4.7075,2.7576,3.6923,46.295,24.457,2.037,3.0196,1,2,0,0,0,2,2
1,1,5.3053e+05,38.3,72,30,4,3,3,2,3,3,3,2,1,4.7075,3,5,43,7,2,3.9,1,1,3111,0,0,1,1
1,1,5.2865e+05,37.8,48,12,3,1,1,1,2.951,3,2,1,1,4.7075,1,3,37,5.5,2,1.3,1,2,4122,0,0,1,1
1,1,5.2794e+06,38.168,71.913,30.417,2.3484,2.0173,2.8538,1.306,2.951,2.918,2.2664,1.7551,1.5825,4.7075,2.7576,3.6923,46.295,24.457,2.037,3.0196,2,2,4300,0,0,2,2
2,1,5.3542e+05,37.7,48,30.417,2,1,1,1,1,1,1,1,1,4.7075,2.7576,3.6923,45,76,2.037,3.0196,1,2,0,0,0,2,2
2,1,5.2948e+05,37.7,96,30,3,3,4,2,5,4,4,3,2,4,4,5,66,7.5,2.037,3.0196,2,1,4205,0,0,2,2
2,1,5.3024e+05,37.2,108,12,3,3,4,2,2,4,2,1.7551,3,6,3,3,52,8.2,3,7.4,3,1,2207,0,0,1,1
1,1,5.2943e+05,37.2,60,30.417,2,1,1,1,3,3,3,2,1,4.7075,4,5,43,6.6,2.037,3.0196,1,1,2209,0,0,2,2
1,1,5.2966e+05,38.2,64,28,1,1,1,1,3,1,2.2664,1.7551,1.5825,4.7075,4,4,49,8.6,2,6.6,1,1,2208,0,0,1,1
1,1,5.298e+05,38.168,100,30,3,3,4,2,5,4,4,3,3,4.7075,4,4,52,6.6,2.037,3.0196,1,1,1124,0,0,2,2
2,1,5.2881e+05,38.168,104,24,4,3,3,2,4,4,3,1.7551,3,4.7075,2.7576,2,73,8.4,2.037,3.0196,3,1,7111,0,0,2,2
2,1,5.2949e+05,38.3,112,16,2.3484,3,5,2,2.951,2.918,1,1,2,4.7075,2.7576,5,51,6,2,1,3,2,5205,0,0,1,1
1,1,5.3385e+05,37.8,72,30.417,2.3484,3,2.8538,1,5,3,1,1.7551,1,4.7075,1,1,56,80,1,2,1,1,3111,0,0,2,2
2,1,5.29e+05,38.6,52,30.417,1,1,1,1,3,3,2,1,1,4.7075,1,3,32,6.6,1,5,1,2,0,0,0,1,1
1,9,5.2774e+06,39.2,146,96,2.3484,2.0173,2.8538,1.306,2.951,2.918,2.2664,1.7551,1.5825,4.7075,2.7576,3.6923,46.295,24.457,2.037,3.0196,2,1,2113,0,0,2,2
1,1,5.295e+05,38.168,88,30.417,3,3,6,2,5,3,3,1,3,4.7075,4,5,63,6.5,3,3.0196,2,1,4205,0,0,2,2
2,9,5.2882e+06,39,150,72,2.3484,2.0173,2.8538,1.306,2.951,2.918,2.2664,1.7551,1.5825,4.7075,2.7576,3.6923,47,8.5,2.037,0.1,1,1,9400,0,0,1,1
2,1,5.303e+05,38,60,12,3,1,3,1,3,3,1,1,1,4.7075,2,2,47,7,2.037,3.0196,1,2,3111,0,0,2,2
1,1,5.3407e+05,38.168,120,30.417,3,4,4,1,4,4,4,1,1,4.7075,2.7576,5,52,67,2,2,3,1,3205,0,0,2,2
1,1,5.3541e+05,35.4,140,24,3,3,4,2,4,4,2.2664,2,1,4.7075,2.7576,5,57,69,3,2,3,1,3205,0,0,2,2
2,1,5.2983e+05,38.168,120,30.417,4,3,4,2,5,4,4,1,1,4.7075,4,5,60,6.5,3,3.0196,2,1,3205,0,0,2,2
1,1,5.2989e+05,37.9,60,15,3,2.0173,4,2,5,4,4,2,2,4.7075,4,5,65,7.5,2.037,3.0196,1,1,2305,0,0,1,1
2,1,5.2982e+05,37.5,48,16,1,1,1,1,1,1,1,1,1,4.7075,1,3.6923,37,6.5,2.037,3.0196,1,2,0,0,0,2,2
1,1,5.2889e+05,38.9,80,44,3,3,3,2,2,3,3,2,2,7,3,1,54,6.5,3,3.0196,2,1,7111,0,0,2,2
2,1,5.2964e+05,37.2,84,48,3,3,5,2,4,1,2,1,2,4.7075,2,1,73,5.5,2,4.1,2,2,4300,0,0,1,1
2,1,5.2977e+05,38.6,46,30.417,1,1,2,1,1,3,2,1,1,4.7075,2.7576,2,49,9.1,1,1.6,1,2,3111,0,0,1,1
1,1,5.2771e+05,37.4,84,36,1,2.0173,3,2,3,3,2,1.7551,1.5825,4.7075,4,5,46.295,24.457,3,3.0196,2,1,7209,0,0,1,1
2,1,5.2948e+05,38.168,71.913,30.417,1,1,3,1,1,3,1,1.7551,1.5825,4.7075,2,2,43,7.7,2.037,3.0196,1,2,3111,0,0,2,2
2,1,5.3054e+05,38.6,40,20,2.3484,2.0173,2.8538,1,2.951,2.918,2.2664,1.7551,1.5825,4.7075,2.7576,3.6923,41,6.4,2.037,3.0196,1,2,3111,0,0,1,1
2,1,5.2946e+05,40.3,114,36,3,3,1,2,2,3,3,2,1,7,1,5,57,8.1,3,4.5,3,1,7400,0,0,1,1
1,9,5.2828e+06,38.6,160,20,3,2.0173,5,1,3,3,4,3,1.5825,4.7075,4,3.6923,38,24.457,2,3.0196,2,1,7111,0,0,1,1
1,1,5.2887e+05,38.168,71.913,30.417,2.3484,2.0173,2.8538,1.306,2.951,2.918,2.2664,1.7551,1.5825,4.7075,2.7576,3.6923,24,6.7,2.037,3.0196,1,1,3112,0,0,2,2
1,1,5.2964e+05,38.168,64,36,2,2.0173,2,1,5,3,3,2,2,4.7075,2.7576,3.6923,42,7.7,2.037,3.0196,2,1,3209,0,0,2,2
1,1,5.283e+05,38.168,71.913,20,4,3,3,1.306,5,4,3,2,1.5825,4.7075,4,4,53,5.9,3,3.0196,2,1,3205,0,0,1,1
2,1,5.289e+05,38.168,96,30.417,3,3,3,2,5,4,4,1,2,4.7075,4,5,60,24.457,2.037,3.0196,2,1,4205,0,0,2,2
2,1,5.3044e+05,37.8,48,32,1,1,3,1,2,1,2.2664,1,1,4.7075,4,5,37,6.7,2.037,3.0196,1,2,2124,0,0,2,2
2,1,5.2796e+05,38.5,60,30.417,2,2,1,1,1,2,2,2,1,4.7075,1,1,44,7.7,2.037,3.0196,1,2,0,0,0,2,2
1,1,5.2863e+05,37.8,88,22,2,1,2,1,3,2.918,2.2664,2,1.5825,4.7075,4,3.6923,64,8,1,6,2,1,3205,0,0,1,1
2,1,5.3429e+05,38.2,130,16,4,3,4,2,2,4,4,1,1,4.7075,2.7576,3.6923,65,82,2,2,3,2,2209,1400,0,2,2
1,1,5.2967e+05,39,64,36,3,1,4,2,3,3,2,1,2,7,4,5,44,7.5,3,5,1,1,2113,0,0,1,1
1,1,5.3489e+05,38.168,60,36,3,1,3,1,3,3,2,1,1,4.7075,3,4,26,72,2,1,1,1,2208,0,0,2,2
2,1,5.3478e+05,37.9,72,30.417,1,1,5,2,3,3,1,1,3,2,3,4,58,74,1,2,1,1,2322,0,0,2,2
2,1,5.2893e+05,38.4,54,24,1,1,1,1,1,3,1,2,1,4.7075,3,2,49,7.2,1,3.0196,1,2,3111,0,0,1,1
2,1,5.2978e+05,38.168,52,16,1,2.0173,3,1,2.951,2.918,2.2664,2,3,5.5,2.7576,3.6923,55,7.2,2.037,3.0196,1,2,2124,0,0,2,2
2,1,5.3028e+05,38,48,12,1,1,1,1,1,3,2.2664,1,1,4.7075,3,2,42,6.3,2,4.1,1,2,3111,0,0,1,1
2,1,5.2821e+05,37,60,20,3,2.0173,2.8538,1,3,2.918,3,2,2,4.5,4,4,43,7.6,2.037,3.0196,3,1,2209,0,0,1,1
1,1,5.2942e+05,37.8,48,28,1,1,1,1,1,2,1,2,1.5825,4.7075,1,1,46,5.9,2,7,1,2,0,0,0,1,1
1,1,5.2993e+06,37.7,56,30.417,2.3484,2.0173,2.8538,1.306,2.951,2.918,2.2664,1.7551,1.5825,4.7075,2.7576,3.6923,46.295,24.457,2.037,3.0196,2,1,2113,0,0,2,2
1,1,5.2847e+05,38.1,52,24,1,1,5,1,4,3,1,2,3,7,1,3.6923,54,7.5,2,2.6,2,1,2112,0,0,1,1
1,9,5.2929e+06,38.168,71.913,30.417,2.3484,2.0173,2.8538,1.306,2.951,2.918,2.2664,1.7551,1.5825,4.7075,2.7576,3.6923,37,4.9,2.037,3.0196,2,1,11124,0,0,2,2
1,9,5.3409e+05,39.7,100,30.417,3,3,5,2,2,3,2.2664,1.7551,1.5825,4.7075,2.7576,3.6923,48,57,2,2,3,1,1400,0,0,2,2
1,1,5.3462e+05,37.6,38,20,3,3,1,1,3,3,2,1.7551,1.5825,4.7075,3,3.6923,37,68,2.037,3.0196,1,1,3205,0,0,2,2
2,1,5.3475e+05,38.7,52,20,2,2.0173,1,1,1,1,1,1,1,4.7075,1,1,33,77,2.037,3.0196,1,2,0,0,0,2,2
1,1,5.3069e+05,38.168,71.913,30.417,3,3,3,3,5,3,3,3,2,4.7075,4,5,46,5.9,2.037,3.0196,2,1,3025,0,0,2,2
1,1,5.2746e+05,37.5,96,18,1,3,6,2,3,4,2,2,3,5,2.7576,4,69,8.9,3,3.0196,1,1,2208,0,0,1,1
1,1,5.2752e+05,36.4,98,35,3,3,4,1,4,3,2,1.7551,1.5825,4.7075,4,4,47,6.4,3,3.6,2,1,2205,0,0,1,1
1,1,5.3476e+05,37.3,40,30.417,2.3484,3,1,1,2,3,2,3,1,4.7075,3,5,36,24.457,3,2,1,1,3111,0,0,2,2
1,9,5.2908e+06,38.1,100,80,3,1,2,1,3,4,1,1.7551,1.5825,4.7075,1,3.6923,36,5.7,2.037,3.0196,1,1,3111,0,0,2,2
1,1,5.2798e+06,38,71.913,24,3,3,6,2,5,2.918,4,1,1,4.7075,2.7576,3.6923,68,7.8,2.037,3.0196,2,1,3205,0,0,2,2
1,1,5.2985e+05,37.8,60,80,1,3,2,2,2,3,3,1.7551,2,5.5,4,3.6923,40,4.5,2,3.0196,1,1,5206,0,0,1,1
2,1,5.293e+05,38,54,30,2,3,3,3,3,1,2,2,2,4.7075,2.7576,4,45,6.2,2.037,3.0196,1,2,400,0,0,2,2
1,1,5.2939e+05,38.168,88,40,3,3,4,2,5,4,3,3,1.5825,4.7075,4,5,50,7.7,3,1.4,2,1,4205,0,0,1,1
2,1,5.2801e+05,38.168,40,16,2.3484,2.0173,2.8538,1,2.951,2.918,2.2664,1.7551,1.5825,4.7075,2.7576,3.6923,50,7,2,3.9,3,1,2208,0,0,1,1
2,1,5.297e+05,39,64,40,1,1,5,1,3,3,2,2,1,4.7075,3,3,42,7.5,2,2.3,1,2,5000,0,0,1,1
2,1,5.3538e+05,38.3,42,10,1,1,1,1,1,1,1,1.7551,1.5825,4.7075,2.7576,3.6923,38,61,2.037,3.0196,1,2,0,0,0,2,2
2,1,5.342e+05,38,52,16,2.3484,2.0173,2.8538,1.306,2,2.918,2.2664,1.7551,3,1,1,1,53,86,2.037,3.0196,1,1,2322,0,0,2,2
2,1,5.2946e+05,40.3,114,36,3,3,1,2,2,3,3,2,1,7,1,5,57,8.1,3,4.5,2,1,3205,0,0,1,1
2,1,5.3025e+05,38.8,50,20,3,1,1,1,1,1,1,2,1,4.7075,3,1,42,6.2,2.037,3.0196,1,2,0,0,0,2,2
2,1,5.3031e+05,38.168,71.913,30.417,3,3,1,1,5,3,3,1,1,4.7075,4,5,38,6.5,2.037,3.0196,2,1,3205,0,0,2,2
2,1,5.2873e+05,37.5,48,30,4,1,3,1,2.951,2,1,1,1,4.7075,1,1,48,8.6,2.037,3.0196,1,2,0,0,0,2,2
1,1,5.3516e+05,37.3,48,20,2.3484,1,2,1,3,3,3,2,1,4.7075,3,5,41,69,2.037,3.0196,1,1,3205,0,0,2,2
2,1,5.3032e+05,38.168,84,36,2.3484,2.0173,3,1,2.951,3,1,2,1,4.7075,3,2,44,8.5,2.037,3.0196,1,1,3111,0,0,2,2
1,1,5.3415e+05,38.1,88,32,3,3,4,1,2,3,3,1.7551,3,1,4,5,55,60,2.037,3.0196,3,2,3205,0,0,2,2
2,1,5.3414e+05,37.7,44,40,2,1,3,1,1,3,2,1,1,4.7075,1,5,41,60,2.037,3.0196,1,2,0,0,0,2,2
2,1,5.3e+05,39.6,108,51,3,3,6,2,2,4,3,1,2,4.7075,3,5,59,8,2,2.6,1,2,4300,0,0,1,1
1,1,5.3536e+05,38.2,40,16,3,3,1,1,1,3,2.2664,1.7551,1.5825,4.7075,1,1,34,66,2.037,3.0196,1,2,0,0,0,2,2
1,1,5.349e+05,38.168,60,20,4,3,4,2,5,4,2.2664,1.7551,1,4.7075,4,5,46.295,24.457,2.037,3.0196,3,1,3205,0,0,2,2
2,1,5.3494e+05,38.3,40,16,3,2.0173,1,1,2,2.918,2.2664,1.7551,1.5825,4.7075,2.7576,3.6923,37,57,2.037,3.0196,1,2,0,0,0,2,2
1,9,5.2925e+06,38,140,68,1,1,1,1,3,3,2,1.7551,1.5825,4.7075,2,1,39,5.3,2.037,3.0196,1,1,7111,0,0,2,2
1,1,5.2756e+05,37.8,52,24,1,3,3,1,4,4,1,2,3,5.7,2,5,48,6.6,1,3.7,2,1,5400,0,0,2,2
1,1,5.3038e+05,38.168,70,36,1,2.0173,3,2,2,3,2,2,1.5825,4.7075,4,5,36,7.3,2.037,3.0196,1,1,31110,0,0,2,2
1,1,5.2867e+05,38.3,52,96,2.3484,3,3,1,2.951,2.918,2.2664,1,1,4.7075,1,3.6923,43,6.1,2.037,3.0196,1,1,3209,0,0,1,1
2,1,5.2976e+05,37.3,50,32,1,1,3,1,1,3,2,1.7551,1.5825,4.7075,1,3.6923,44,7,2.037,3.0196,1,2,0,0,0,2,2
1,1,5.337e+05,38.7,60,32,4,3,2,2,4,4,4,1.7551,1.5825,4.7075,4,5,53,64,3,2,3,1,3205,0,0,2,2
1,9,5.2974e+06,38.4,84,40,3,3,2,1,3,3,3,1,1,4.7075,2.7576,3.6923,36,6.6,2,2.8,2,1,2205,0,0,1,1
1,1,5.2754e+05,38.168,70,16,3,4,5,2,2,3,2,2,1,4.7075,4,5,60,7.5,2.037,3.0196,2,1,2112,0,0,2,2
1,1,5.3374e+05,38.3,40,16,3,2.0173,2.8538,1,1,3,2,1.7551,1.5825,4.7075,2.7576,3.6923,38,58,1,2,1,1,3111,7111,0,2,2
1,1,5.3496e+05,38.168,40,30.417,2,1,1,1,1,3,1,1,1,4.7075,2.7576,5,39,56,2.037,3.0196,1,1,3111,0,0,2,2
1,1,5.2793e+05,36.8,60,28,2.3484,2.0173,2.8538,1.306,2.951,2.918,2.2664,1.7551,1.5825,4.7075,2.7576,3.6923,46.295,24.457,2.037,10,2,1,3205,0,0,1,1
1,1,5.3235e+05,38.4,44,24,3,2.0173,4,1.306,5,4,3,2,1,4.7075,4,5,50,77,2.037,3.0196,1,1,3205,0,0,2,2
2,1,5.3372e+05,38.168,71.913,40,3,1,1,1,3,3,2,1.7551,1.5825,4.7075,2.7576,3.6923,45,70,2.037,3.0196,1,2,0,0,0,2,2
1,1,5.3521e+05,38,44,12,1,1,1,1,3,3,3,2,1,4.7075,4,5,42,65,2.037,3.0196,1,1,3205,3111,0,2,2
2,1,5.2905e+06,39.5,71.913,30.417,3,3,4,2,3,4,3,1.7551,3,5.5,4,5,46.295,6.7,1,3.0196,3,1,4205,0,0,2,2
1,1,5.3398e+05,36.5,78,30,1,2.0173,1,1,5,3,1,1.7551,1,4.7075,2.7576,3.6923,34,75,2,1,1,1,3112,6112,0,2,2
2,1,5.3517e+05,38.1,56,20,2,1,2,1,1,3,1,1,1,4.7075,2.7576,3.6923,46,70,2.037,3.0196,1,2,0,0,0,2,2
1,1,5.2868e+05,39.4,54,66,1,1,2,1,2,3,2,1,1,4.7075,3,4,39,6,2,3.0196,1,1,2206,0,0,1,1
1,1,5.3456e+05,38.3,80,40,2.3484,2.0173,6,2,4,3,1,1.7551,2,4.7075,1,4,67,10.2,2,1,3,1,2208,0,0,2,2
2,1,5.3458e+05,38.7,40,28,2,1,1,1,3,1,1,1.7551,1.5825,4.7075,1,3.6923,39,62,1,1,1,2,0,0,0,2,2
1,1,5.3036e+05,38.2,64,24,1,1,3,1,4,4,3,2,1,4.7075,4,4,45,7.5,1,2,2,1,3205,0,0,1,1
2,1,5.2984e+05,37.6,48,20,3,1,4,1,1,1,3,2,1,4.7075,1,1,37,5.5,2.037,3.0196,3,1,2205,0,0,2,2
1,1,5.2846e+05,38,42,68,4,1,1,1,3,3,2,2,2,4.7075,4,4,41,7.6,2.037,3.0196,1,1,2205,0,0,2,2
1,1,5.3038e+05,38.7,71.913,30.417,3,1,3,1,5,4,2,1.7551,1.5825,4.7075,2.7576,3.6923,33,6.5,2,3.0196,1,1,31110,0,0,2,2
1,1,5.2625e+06,37.4,50,32,3,3,2.8538,1,4,4,1,2,1,4.7075,1,3.6923,45,7.9,2,1,1,1,2208,0,0,1,1
1,1,5.3533e+05,37.4,84,20,2.3484,2.0173,3,1,2,3,3,1.7551,1.5825,4.7075,2.7576,3.6923,31,61,2.037,1,3,2,2208,0,0,2,2
1,1,5.277e+05,38.4,49,30.417,2.3484,2.0173,1,1,2.951,2.918,1,2,1,4.7075,2.7576,3.6923,44,7.6,2.037,3.0196,1,1,2206,0,0,2,2
1,1,5.2896e+05,37.8,30,12,2.3484,2.0173,2.8538,1.306,2.951,2.918,2.2664,1.7551,1.5825,4.7075,2.7576,3.6923,46.295,24.457,2.037,3.0196,2,1,2113,0,0,2,2
2,1,5.3067e+05,37.6,88,36,3,1,1,1,3,3,2,1,3,1.5,2.7576,3.6923,44,6,2.037,3.0196,2,1,1400,0,0,2,2
1.398,1,5.3457e+05,38,48,20,3,1,3,1,4,3,1,2,1,4.7075,3,5,43,73,2,1,1.5518,1,3111,0,0,2,2
2,1,5.3029e+05,37.9,40,24,1,1,1,1,2,3,1,1.7551,1.5825,4.7075,2.7576,3,40,5.7,2.037,3.0196,1,1,400,0,0,2,2
1,1,5.2752e+05,38.168,100,30.417,3,2.0173,4,2,5,4,2.2664,2,1.5825,4.7075,2,3.6923,59,6.3,2.037,3.0196,2,1,4205,0,0,2,2
1,9,5.2872e+06,38.1,136,48,3,3,3,1,5,1,3,2,2,4.4,2,3.6923,33,4.9,2,2.9,2,1,2205,0,0,1,1
1,1,5.3069e+05,38.168,71.913,30.417,3,3,3,2,5,3,3,3,2,4.7075,4,5,46,5.9,2.037,3.0196,2,1,3025,0,0,2,2
1,1,5.3432e+05,38,48,30.417,1,1,1,1,1,2,4,2,2,4.7075,4,5,46.295,24.457,2.037,3.0196,1,1,3111,0,0,2,2
2,1,5.3235e+05,38,56,30.417,1,2,3,1,1,1,1,1,1,4.7075,1,1,42,71,2.037,3.0196,1,2,0,0,0,2,2
2,1,5.3449e+05,38,60,32,1,1,2.8538,1,3,3,2.2664,1,1,4.7075,2.7576,3.6923,50,7,1,1,1,2,0,0,0,2,2
1,1,5.2996e+05,38.1,44,9,3,1,1,1,2,2,1,1,1,4.7075,4,5,31,7.3,2.037,3.0196,1,2,5124,0,0,2,2
2,1,5.2298e+05,36,42,30,2.3484,2.0173,5,1,2.951,2.918,2.2664,1.7551,1.5825,4.7075,2.7576,3.6923,64,6.8,2.037,3.0196,2,2,1400,0,0,2,2
1,1,5.304e+05,38.168,120,30.417,4,3,6,2,5,4,4,1.7551,1.5825,4.7075,4,5,57,4.5,3,3.9,2,1,3205,0,0,1,1
1,1,5.2942e+05,37.8,48,28,1,1,1,2,1,2,1,2,1.5825,4.7075,1,1,46,5.9,2,7,1,2,0,0,0,1,1
1,1,5.3452e+05,37.1,84,40,3,3,6,1,2,4,4,3,2,2,4,5,75,81,2.037,3.0196,3,2,1400,0,0,2,2
2,1,5.3525e+05,38.168,80,32,3,3,2,1,2,3,3,2,1,4.7075,3,3.6923,50,80,2.037,3.0196,1,1,0,0,0,2,2
1,1,5.3412e+05,38.2,48,30.417,1,3,3,1,3,4,4,1,3,2,4,5,42,71,2.037,3.0196,1,1,3111,0,0,2,2
2,1,5.3e+05,38,44,12,2,1,3,1,3,4,3,1,2,6.5,1,4,33,6.5,2.037,3.0196,2,1,2209,0,0,2,2
1,1,5.2927e+05,38.3,132,30.417,2.3484,3,6,2,2,4,2,2,3,6.2,4,4,57,8,2.037,5.2,1,1,2112,0,0,1,1
2,1,5.3531e+05,38.7,48,24,2.3484,2.0173,2.8538,1.306,1,1,2.2664,1,1,4.7075,1,3.6923,34,63,2.037,3.0196,1,2,0,0,0,2,2
2,1,5.3379e+05,38.9,44,14,3,1,1,1,2,3,2,1.7551,1.5825,4.7075,2.7576,2,33,64,2.037,3.0196,1,2,0,0,0,2,2
1,1,5.294e+05,39.3,71.913,30.417,4,3,6,2,4,4,2,1,3,4,4,4,75,24.457,3,4.3,2,1,2207,0,0,1,1
1,1,5.3384e+05,38.168,100,30.417,3,3,4,2,2.951,4,4,2,1,2,2.7576,3.6923,68,64,3,2,1,1,2209,0,0,2,2
2,1,5.288e+05,38.6,48,20,3,1,1,1,1,3,2,2,1,4.7075,3,2,50,7.3,1,3.0196,1,2,3111,0,0,1,1
2,1,5.3516e+05,38.8,48,40,1,1,3,1,3,3,4,2,1.5825,4.7075,2.7576,5,41,65,2.037,3.0196,1,1,4124,0,0,2,2
2,1,5.2825e+05,38,48,20,3,3,4,1,1,4,2,2,1.5825,5,2.7576,2,49,8.3,1,3.0196,1,2,400,0,0,1,1
2,1,5.29e+05,38.6,52,20,1,1,1,1,3,3,2,1,1,4.7075,1,3,36,6.6,1,5,1,2,0,0,0,1,1
1,1,5.3393e+05,37.8,60,24,1,2.0173,3,2,2.951,4,4,2,3,2,2.7576,5,52,75,2.037,3.0196,3,1,2205,0,0,2,2
2,1,5.2825e+05,38,42,40,3,1,1,1,3,3,1,1.7551,1.5825,4.7075,2.7576,3.6923,46.295,24.457,2.037,3.0196,1,2,3111,0,0,2,2
2,1,5.2813e+05,38.168,71.913,12,1,1,2,1,2,1,2,3,1,4.7075,1,3,44,7.5,2,3.0196,1,2,0,0,0,1,1
1,1,5.2792e+05,38.168,71.913,30.417,2.3484,2.0173,2.8538,1.306,4,2.918,2.2664,1,1,4.7075,2.7576,5,35,58,2,1,1,1,4205,0,0,2,2
1,1,5.3043e+05,38.3,42,24,2.3484,2.0173,2.8538,1,2.951,2.918,2.2664,1.7551,1.5825,4.7075,2.7576,3.6923,40,8.5,2.037,3.0196,2,1,7113,0,0,2,2
2,1,5.3518e+05,39.5,60,10,3,2.0173,2.8538,2,3,3,2,2,1,4.7075,3,3.6923,38,56,1,3.0196,1,2,0,0,0,2,2
1,1,5.3394e+05,38,66,20,1,3,3,1,5,3,1,1,1,4.7075,3,3.6923,46,46,3,2,3,1,6209,0,0,2,2
1,1,5.2852e+05,38.7,76,30.417,1,1,5,2,3,3,2,2,2,4.7075,4,4,50,8,2.037,3.0196,1,1,2208,0,0,1,1
1,1,5.3493e+05,39.4,120,48,2.3484,2.0173,5,1,2.951,3,3,1,1.5825,4.7075,4,3.6923,56,64,1,2,3,2,1400,0,0,2,2
1,1,5.2792e+05,38.3,40,18,1,1,1,1,3,1,1,1.7551,1.5825,4.7075,2,1,43,5.9,1,3.0196,1,2,0,0,0,1,1
2,1,5.283e+05,38.168,44,24,1,1,1,1,3,3,1,2,1,4.7075,2.7576,1,46.295,6.3,2.037,3.0196,1,2,3111,0,0,2,2
1,1,5.3025e+05,38.4,104,40,1,1,3,1,2,4,2,2,3,6.5,2.7576,4,55,8.5,2.037,3.0196,1,1,2124,0,0,2,2
1,1,5.3509e+05,38.168,65,24,2.3484,2.0173,2.8538,2,5,2.918,4,3,1,4.7075,2.7576,5,46.295,24.457,2.037,3.0196,3,1,3205,0,0,2,2
2,1,5.3299e+05,37.5,44,20,1,1,3,1,2.951,1,1,1.7551,1.5825,4.7075,1,3.6923,35,7.2,2.037,3.0196,1,2,0,0,0,2,2
2,1,5.2768e+05,39,86,16,3,3,5,1.306,3,3,3,1.7551,2,4.7075,2.7576,3.6923,68,5.8,3,6,2,1,5400,0,0,1,1
1,1,5.3529e+05,38.5,129,48,3,3,3,1,2,4,3,1,3,2,2.7576,3.6923,57,66,3,2,1,1,2206,0,0,2,2
1,1,5.2973e+05,38.168,104,30.417,3,3,5,2,2,4,3,1.7551,3,4.7075,4,4,69,8.6,2,3.4,2,1,2207,0,0,1,1
2,1,5.1848e+05,38.168,71.913,30.417,3,4,6,1.306,4,2.918,4,1.7551,1.5825,4.7075,2.7576,3.6923,46.295,24.457,2.037,3.0196,2,1,3400,0,0,1,1
1,1,5.2793e+05,38.168,71.913,30.417,2.3484,2.0173,2.8538,1.306,2.951,2.918,2.2664,1.7551,1.5825,4.7075,2.7576,3.6923,46.295,24.457,2.037,3.0196,1,1,2208,0,0,2,2
1,1,5.3513e+05,38.2,60,30,1,1,3,1,3,3,1,2,1,4.7075,3,2,48,66,2.037,3.0196,1,1,6112,0,0,2,2
1,1,5.2319e+05,38.168,68,14,2.3484,2.0173,4,1,4,2.918,2.2664,1.7551,1,4.3,2.7576,3.6923,46.295,24.457,2,2.8,2,1,4205,0,0,1,1
1,1,5.3397e+05,38.168,60,30,3,3,4,2,5,4,4,1,1,4.7075,4,3.6923,45,70,3,2,1,1,6111,3111,0,2,2
2,1,5.2815e+05,38.5,100,30.417,3,3,5,2,4,3,4,2,1,4.7075,4,5,46.295,24.457,2.037,3.0196,3,2,1111,0,0,1,1
1,1,5.3024e+05,38.4,84,30,3,1,5,2,4,3,3,2,3,6.5,4,4,47,7.5,3,3.0196,2,1,2300,0,0,2,2
2,1,5.2831e+05,37.8,48,14,2.3484,2.0173,1,1,3,2.918,2,1,3,5.3,1,3.6923,35,7.5,2.037,3.0196,1,2,3111,0,0,1,1
1,1,5.2798e+06,38,71.913,24,3,3,6,2,5,2.918,4,1,1,4.7075,2.7576,3.6923,68,7.8,2.037,3.0196,2,1,2205,0,0,2,2
2,1,5.3486e+05,37.8,56,16,1,1,2,1,2,1,1,2,1,4.7075,1,3.6923,44,68,1,1,1,2,0,0,0,2,2
2,1,5.3405e+05,38.2,68,32,2,2,2,1,1,1,1,3,1,4.7075,1,1,43,65,2.037,3.0196,1,2,0,0,0,2,2
1,1,5.3483e+05,38.5,120,60,4,3,6,2,2.951,3,2.2664,1.7551,1.5825,4.7075,2.7576,3.6923,54,24.457,2.037,3.0196,1,1,5400,0,0,2,2
1,1,5.2783e+06,39.3,64,90,2,3,1,1,2.951,3,1,1,2,4.7075,2.7576,3.6923,39,6.7,2.037,3.0196,1,1,21110,0,0,2,2
1,1,5.2737e+05,38.4,80,30,4,3,1,1,3,3,3,3,3,4.7075,4,5,32,6.1,3,4.3,1,1,7209,0,0,1,1
1,1,5.3389e+05,38.5,60,30.417,1,1,2.8538,1,2.951,1,1,1.7551,1.5825,4.7075,2.7576,3.6923,33,53,1,3.0196,1,1,4111,0,0,2,2
1,1,5.2996e+06,38.3,60,16,3,1,1,1,2,1,1,2,2,3,1,4,30,6,1,3,1,1,31110,0,0,2,2
1,1,5.2874e+05,37.1,40,8,2.3484,1,4,1,3,3,1,1,1,4.7075,3,3,23,6.7,3,3.0196,1,1,3133,0,0,1,1
2,9,5.2873e+06,38.168,100,44,2,1,1,1,4,1,1,1.7551,1.5825,4.7075,1,3.6923,37,4.7,2.037,3.0196,1,2,7111,0,0,2,2
1,1,5.3479e+05,38.2,48,18,1,1,1,1,3,3,3,1,2,4.7075,4,3.6923,48,74,1,2,1,1,5111,0,0,2,2
1,1,5.2937e+05,38.168,60,48,3,3,4,2,4,3,4,1.7551,1.5825,4.7075,2.7576,3.6923,58,7.6,2.037,3.0196,2,1,3205,0,0,2,2
2,1,5.3416e+05,37.9,88,24,1,1,2,1,2,2,1,1.7551,1.5825,4.7075,4,1,37,56,2.037,3.0196,1,2,0,0,0,2,2
2,1,5.337e+05,38,44,12,3,1,1,1.306,2.951,1,2,1.7551,1.5825,4.7075,1,3.6923,42,64,2.037,3.0196,1,2,0,0,0,2,2
2,1,5.2963e+05,38.5,60,20,1,1,5,2,2,2,1,2,1,4.7075,2,3,63,7.5,2,2.3,3,2,300,0,0,1,1
2,1,5.214e+05,38.5,96,36,3,3,2.8538,2,2,4,2,1,2,4.7075,4,5,70,8.5,2.037,3.0196,2,1,1400,0,0,1,1
2,1,5.3389e+05,38.3,60,20,1,1,1,2,1,3,1,1.7551,1.5825,4.7075,3,3.6923,34,66,2.037,3.0196,1,2,0,0,0,2,2
2,1,5.3416e+05,38.5,60,40,3,1,2,1,2,1,2,1.7551,1.5825,4.7075,3,2,49,59,2.037,3.0196,1,2,0,0,0,2,2
1,1,5.2805e+05,37.3,48,12,1,2.0173,3,1,3,1,3,2,1,4.7075,3,3,40,6.6,2,3.0196,1,1,3205,0,0,1,1
1,1,5.2864e+05,38.5,86,30.417,1,1,3,1,4,4,3,2,1,4.7075,3,5,45,7.4,1,3.4,2,1,3209,0,0,1,1
1,1,5.3407e+05,37.5,48,40,2.3484,2.0173,2.8538,1.306,2.951,2.918,2.2664,1,1,4.7075,2.7576,5,41,55,3,2,3,1,2208,0,0,2,2
2,1,5.2969e+05,37.2,36,9,1,1,1,1,2,3,1,2,1,4.7075,4,1,35,5.7,2.037,3.0196,1,2,31110,0,0,2,2
1,1,5.2953e+05,39.2,71.913,23,3,1,3,1,4,4,2,2,1.5825,4.7075,2.7576,3.6923,36,6.6,1,3,1,1,3115,0,0,1,1
2,1,5.2815e+05,38.5,100,30.417,3,3,5,2,4,3,4,2,1,4.7075,4,5,46.295,24.457,2.037,3.0196,3,2,4124,0,0,2,2
1,1,5.3514e+05,38.5,96,30,2,3,4,2,4,4,3,2,1,4.7075,3,5,50,65,2.037,3.0196,1,1,6111,3112,0,2,2
1,1,5.303e+05,38.168,71.913,30.417,2.3484,2.0173,2.8538,1.306,2.951,2.918,2.2664,1.7551,1.5825,4.7075,2.7576,3.6923,45,8.7,2.037,3.0196,2,1,2208,0,0,2,2
1,1,5.3534e+05,37.8,88,80,3,3,5,2,2.951,3,3,2,3,4.7075,4,5,64,89,2.037,3.0196,3,1,3205,0,0,2,2
2,1,5.3448e+05,37.5,44,10,3,1,1,1,3,1,2,2,1.5825,4.7075,3,3,43,51,1,1,1,2,0,0,0,2,2
1,1,5.304e+05,37.9,68,20,2.3484,1,2,1,2,4,2,1.7551,1.5825,4.7075,1,5,45,4,3,2.8,2,1,5400,0,0,1,1
1,1,5.2989e+05,38,86,24,4,3,4,1,2,4,4,1,1,4.7075,4,5,45,5.5,1,10.1,2,1,3111,0,0,1,1
1,9,5.2944e+06,38.9,120,30,1,3,2,2,3,3,3,3,1,3,2.7576,3.6923,47,6.3,1,3.0196,1,2,2124,0,0,2,2
1,1,5.2818e+05,37.6,45,12,3,1,3,1,2.951,2,2,2,1,4.7075,1,4,39,7,2,1.5,1,1,2112,0,0,1,1
2,1,5.2918e+05,38.6,56,32,2,1,1,1,1,1,1,2,1.5825,4.7075,2,3.6923,40,7,2,2.1,1,2,0,0,0,1,1
1,1,5.2914e+05,37.8,40,12,1,1,1,1,1,2,1,2,1,4.7075,1,2,38,7,2.037,3.0196,1,1,3111,0,0,2,2
2,1,5.2898e+05,38.168,71.913,30.417,2.3484,2.0173,2.8538,1.306,2.951,2.918,2.2664,1.7551,1.5825,4.7075,2.7576,3.6923,46.295,24.457,2.037,3.0196,1,2,0,0,0,2,2
1,1,5.2794e+06,38,76,18,2.3484,2.0173,2.8538,2,2.951,2.918,2.2664,1.7551,1.5825,4.7075,2.7576,3.6923,71,11,2.037,3.0196,1,1,2209,0,0,1,1
1,1,5.3524e+05,38.1,40,36,1,2,2,1,2,2,2.2664,1.7551,1.5825,4.7075,2.7576,3.6923,46.295,24.457,2.037,3.0196,3,1,3112,0,0,2,2
1,1,5.2974e+05,38.168,52,28,3,3,4,1,3,4,3,2,1,4.7075,4,4,37,8.1,2.037,3.0196,1,1,2111,0,0,2,2
1,1,5.3503e+05,39.2,88,58,4,4,2.8538,2,5,4,2.2664,1.7551,1.5825,4.7075,2.7576,3.6923,46.295,24.457,2,2,3,2,3205,0,0,2,2
1,1,5.3503e+05,38.5,92,40,4,3,2.8538,1,2,4,3,1.7551,1.5825,4.7075,4,3.6923,46,67,2,2,1,1,2208,0,0,2,2
1,1,5.288e+05,38.168,112,13,4,4,4,1,2,3,1,2,1,4.5,4,4,60,6.3,3,3.0196,1,1,2205,0,0,1,1
1,1,5.2818e+05,37.7,66,12,1,1,3,1,3,3,2,2,1.5825,4.7075,4,4,31.5,6.2,2,1.6,1,1,2208,0,0,1,1
1,1,5.3539e+05,38.8,50,14,1,1,1,1,3,1,1,1,1,4.7075,3,5,38,58,2.037,3.0196,1,1,3111,0,0,2,2
2,1,5.2893e+05,38.4,54,24,1,1,1,1,1,3,1,2,1,4.7075,3,2,49,7.2,1,8,1,2,3111,0,0,1,1
1,1,5.285e+05,39.2,120,20,4,3,5,2,2,3,3,1,3,4.7075,2.7576,4,60,8.8,3,3.0196,2,1,2205,0,0,2,2
1,9,5.2894e+06,38.168,71.913,30.417,2.3484,2.0173,2.8538,1.306,2.951,2.918,2.2664,1.7551,1.5825,4.7075,2.7576,3.6923,45,6.5,2,3.0196,1,1,9000,0,0,1,1
1,1,5.352e+05,37.3,90,40,3,2.0173,6,2,5,4,3,2,2,4.7075,1,5,65,50,3,2,3,1,3205,0,0,2,2
1,9,5.346e+05,38.5,120,70,2.3484,2.0173,2.8538,1.306,2.951,1,2.2664,2,1.5825,4.7075,1,3.6923,35,54,1,1,1,1,4205,3111,2209,2,2
1,1,5.3428e+05,38.5,104,40,3,3,2.8538,1,4,3,4,1.7551,1.5825,4.7075,2.7576,3.6923,46.295,24.457,2.037,3.0196,1,1,2124,0,0,2,2
2,1,5.3003e+05,39.5,92,28,3,3,6,1,5,4,1,1.7551,3,4.7075,4,3.6923,72,6.4,2.037,3.6,2,2,3300,0,0,2,2
1,1,5.2625e+06,38.5,30,18,2.3484,2.0173,2.8538,1.306,2.951,2.918,2.2664,1.7551,1.5825,4.7075,2.7576,3.6923,40,7.7,2.037,3.0196,1,1,2113,0,0,2,2
1,1,5.3053e+05,38.3,72,30,4,3,3,2,3,3,3,2,1,4.7075,3,5,43,7,2,3.9,1,1,3113,0,0,1,1
2,1,5.2873e+05,37.5,48,30,4,1,3,1,2.951,2,1,1,1,4.7075,1,1,48,8.6,2.037,3.0196,1,2,400,0,0,2,2
1,1,5.2847e+05,38.1,52,24,1,1,5,1,4,3,1,2,3,7,1,3.6923,54,7.5,2,2.6,2,1,2206,0,0,1,1
2,1,5.2818e+05,38.2,42,26,1,1,1,1,3,1,2,1.7551,1.5825,4.7075,1,3.6923,36,6.9,2.037,3.0196,1,2,3111,0,0,2,2
2,1,5.3375e+05,37.9,54,42,2,1,5,1,3,1,1,1.7551,1,4.7075,2.7576,2,47,54,3,1,1,2,0,0,0,2,2
2,1,5.287e+05,36.1,88,30.417,3,3,3,1,3,3,2,2,3,4.7075,2.7576,4,45,7,3,4.8,3,1,2209,0,0,1,1
1,1,5.3418e+05,38.1,70,22,2.3484,1,2.8538,1,5,3,2.2664,1.7551,1.5825,4.7075,2.7576,5,36,65,2.037,3.0196,3,1,3205,0,0,2,2
1,1,5.2916e+05,38,90,30,4,3,4,2,5,4,4,1.7551,1.5825,4.7075,4,5,55,6.1,2.037,3.0196,2,1,3205,0,0,2,2
1,1,5.2905e+05,38.2,52,16,1,1,2,1,1,2,1,1,1,4.7075,1,3.6923,43,8.1,2.037,3.0196,1,2,0,0,0,1,1
1,1,5.3035e+05,38.168,36,32,1,1,4,1,5,3,3,2,3,4,2.7576,4,41,5.9,2.037,3.0196,2,1,2205,0,0,2,2
1,1,5.2811e+06,38.4,92,20,1,2.0173,2.8538,2,2.951,3,3,1.7551,1.5825,4.7075,1,3.6923,46.295,24.457,2.037,3.0196,1,1,2208,0,0,1,1
1,9,5.2914e+06,38.2,124,88,1,3,2,1,2,3,4,1.7551,1.5825,4.7075,2.7576,3.6923,47,8,1,3.0196,1,1,9400,0,0,1,1
2,1,5.289e+05,38.168,96,30.417,3,3,3,2,5,4,4,1.7551,1,4.7075,4,5,60,24.457,2.037,3.0196,2,1,41110,0,0,2,2
1,1,5.3037e+05,37.6,68,32,3,2.0173,3,1,4,2,4,2,2,6.5,1,5,47,7.2,1,3.0196,1,1,3209,0,0,2,2
1,1,5.3017e+05,38.1,88,24,3,3,4,1,5,4,3,2,1,4.7075,3,4,41,4.6,2.037,3.0196,2,1,2209,0,0,2,2
1,1,5.2771e+05,38,108,60,2,3,4,1,4,3,3,2,1.5825,4.7075,3,4,46.295,24.457,3,3.0196,1,1,2205,0,0,2,2
2,1,5.2817e+05,38.2,48,30.417,2,2.0173,1,2,3,3,1,2,1,4.7075,2.7576,2,34,6.6,2.037,3.0196,1,2,3111,0,0,2,2
1,1,5.3504e+05,39.3,100,51,4,4,6,1,2,4,1,1,3,2,2.7576,4,66,13,3,2,3,1,2113,0,0,2,2
2,1,5.2794e+05,36.6,42,18,3,3,2,1,1,4,1,1,1,4.7075,2.7576,5,52,7.1,2.037,3.0196,2,1,5111,0,0,2,2
1,9,5.2917e+06,38.8,124,36,3,1,2,1,2,3,4,1,1,4.7075,4,4,50,7.6,3,3.0196,2,1,2208,0,0,1,1
2,1,5.3056e+05,38.168,112,24,3,3,4,2,5,4,2,1.7551,1.5825,4.7075,4,3.6923,40,5.3,3,2.6,1,2,400,0,0,1,1
1,1,5.3374e+05,38.168,80,30.417,3,3,3,1,4,4,4,1.7551,1.5825,4.7075,4,5,43,70,2.037,3.0196,1,1,3111,0,0,2,2
1,9,5.2945e+06,38.8,184,84,1,2.0173,1,1,4,1,3,1.7551,1.5825,4.7075,2,3.6923,33,3.3,2.037,3.0196,2,1,7111,0,0,2,2
1,1,5.3387e+05,37.5,72,30.417,2,1,1,1,2,1,1,1,1,4.7075,1,3.6923,35,65,2,2,3,1,7209,0,0,2,2
1,1,5.2981e+05,38.7,96,28,3,3,4,1,2.951,4,2.2664,1.7551,3,7.5,2.7576,3.6923,64,9,2.037,3.0196,2,1,2205,0,0,1,1
2,1,5.3472e+05,37.5,52,12,1,1,1,1,2,3,2,2,1,4.7075,3,5,36,61,1,1,1,2,0,0,0,2,2
1,1,5.2773e+05,40.8,72,42,3,3,1,1,2,3,1,2,1,4.7075,2.7576,3.6923,54,7.4,3,3.0196,2,1,11400,0,0,1,1
2,1,5.3493e+05,38,40,25,2.3484,1,1,1,4,3,2,1,1,4.7075,4,3.6923,37,69,2.037,3.0196,1,2,0,0,0,2,2
2,1,5.293e+05,38.4,48,16,2,1,1,1,1,2.918,2,2,1,4.7075,2.7576,2,39,6.5,2.037,3.0196,1,2,3111,0,0,1,1
2,9,5.3056e+06,38.6,88,28,2.3484,2.0173,2.8538,1.306,2.951,2.918,2.2664,1.7551,1.5825,4.7075,2.7576,3.6923,35,5.9,2.037,3.0196,1,2,0,0,0,2,2
1,1,5.2874e+05,37.1,75,36,2.3484,2.0173,3,2,4,4,2,2,3,5,4,4,48,7.4,3,3.2,2,1,12208,0,0,1,1
1,1,5.3048e+05,38.3,44,21,3,1,2,1,3,3,3,2,1,4.7075,1,5,44,6.5,2,4.4,1,1,2209,0,0,1,1
2,1,5.2859e+05,38.168,56,68,3,1,1,1,3,3,1,2,1,4.7075,1,3.6923,40,6,2.037,3.0196,3,1,5206,0,0,2,2
2,1,5.2987e+05,38.6,68,20,2,1,3,1,3,3,2,1,1,4.7075,1,5,38,6.5,1,3.0196,1,2,5124,0,0,1,1
2,1,5.2783e+05,38.3,54,18,3,1,2,1,2,3,2,1.7551,3,5.4,2.7576,4,44,7.2,3,3.0196,1,2,2124,0,0,1,1
1,1,5.344e+05,38.2,42,20,2.3484,2.0173,1,1,2.951,3,2.2664,1.7551,1.5825,4.7075,3,3.6923,47,60,2.037,3.0196,1,2,0,0,0,2,2
1,1,5.2788e+05,39.3,64,90,2,3,1,1,2.951,3,1,1,2,6.5,1,5,39,6.7,2.037,3.0196,1,1,31110,0,0,2,2
1,1,5.2857e+05,37.5,60,50,3,3,1,1,3,3,2,2,2,3.5,3,4,35,6.5,2.037,3.0196,2,1,2209,0,0,2,2
1,1,5.3463e+05,37.7,80,30.417,3,3,6,1,5,4,1,2,3,4.7075,3,1,50,55,3,2,1,1,4206,0,0,2,2
1,1,5.298e+05,38.168,100,30,3,3,4,2,5,4,4,3,3,4.7075,4,4,52,6.6,2.037,3.0196,1,1,2124,0,0,2,2
1,1,5.2864e+05,37.7,120,28,3,3,3,1,5,3,3,1,1,4.7075,2.7576,3.6923,65,7,3,3.0196,2,1,4205,0,0,1,1
1,1,5.3462e+05,38.168,76,30.417,2.3484,3,2.8538,1.306,2.951,4,4,1.7551,1.5825,4.7075,2.7576,5,46.295,24.457,2.037,3.0196,3,1,11124,0,0,2,2
1,9,5.2972e+06,38.8,150,50,1,3,6,2,5,3,2,1,1,4.7075,2.7576,3.6923,50,6.2,2.037,3.0196,2,1,4207,0,0,2,2
1,1,5.3479e+05,38,36,16,3,1,1,1,4,2,2,3,3,2,3,3.6923,37,75,2,1,3,2,3111,0,0,2,2
2,1,5.2862e+05,36.9,50,40,2,3,3,1,1,3,2,3,1,7,2.7576,3.6923,37.5,6.5,2.037,3.0196,1,2,3111,0,0,2,2
2,1,5.2802e+05,37.8,40,16,1,1,1,1,1,1,1,1.7551,1.5825,4.7075,1,1,37,6.8,2.037,3.0196,1,2,0,0,0,2,2
2,1,5.2917e+05,38.2,56,40,4,3,1,1,2,4,3,2,2,7.5,2.7576,3.6923,47,7.2,1,2.5,1,2,8300,0,0,1,1
1,1,5.3464e+05,38.6,48,12,2.3484,2.0173,1,1.306,1,1,2.2664,1.7551,1.5825,4.7075,2.7576,3.6923,36,67,2.037,3.0196,1,2,0,0,0,2,2
2,1,5.3062e+05,40,78,30.417,3,3,5,1,2,3,1,1,1,4.7075,4,1,66,6.5,2.037,3.0196,2,1,8400,0,0,1,1
1,1,5.2754e+05,38.168,70,16,3,4,5,2,2,3,2,2,1,4.7075,4,5,60,7.5,2.037,3.0196,2,1,1400,0,0,2,2
1,1,5.2776e+05,38.2,72,18,2.3484,2.0173,2.8538,1.306,2.951,2.918,2.2664,1.7551,1.5825,4.7075,2.7576,3.6923,35,6.4,2.037,3.0196,1,1,3124,0,0,2,2
2,1,5.3044e+05,38.5,54,30.417,1,1,1,1,3,1,1,2,1,4.7075,1,3.6923,40,6.8,2,7,1,2,0,0,0,1,1
1,1,5.2834e+06,38.5,66,24,1,1,1,1,3,3,1,2,1,4.7075,4,5,40,6.7,1,3.0196,1,1,31110,0,0,1,1
2,1,5.2752e+06,37.8,82,12,3,1,1,2,4,2.918,3,1,3,4.7075,2.7576,3.6923,50,7,2.037,3.0196,3,1,2205,0,0,2,2
2,9,5.3051e+06,39.5,84,30,2.3484,2.0173,2.8538,1,2.951,2.918,2.2664,1.7551,1.5825,4.7075,2.7576,3.6923,28,5,2.037,3.0196,1,2,0,0,0,2,2
1,1,5.2943e+05,38.168,71.913,30.417,2.3484,2.0173,2.8538,1.306,2.951,2.918,2.2664,1.7551,1.5825,4.7075,2.7576,3.6923,46.295,24.457,2.037,3.0196,1,1,2124,0,0,2,2
1,1,5.2913e+05,38,50,36,2.3484,1,1,1,3,2,2,1.7551,1.5825,4.7075,3,3.6923,39,6.6,1,5.3,1,1,8400,0,0,1,1
2,1,5.3505e+05,38.6,45,16,2,1,2,1,1,1,2.2664,1.7551,1.5825,4.7075,1,1,43,58,2.037,3.0196,1,2,0,0,0,2,2
1,1,5.2889e+05,38.9,80,44,3,3,3,1,2,3,3,2,2,7,3,1,54,6.5,3,3.0196,2,1,7111,0,0,2,2
1,1,5.3003e+05,37,66,20,1,3,2,1,4,3,3,1,1.5825,4.7075,1,5,35,6.9,2,3.0196,2,1,31110,0,0,2,2
1,1,5.34e+05,38.168,78,24,3,3,3,1,2.951,3,2.2664,2,1,4.7075,2.7576,4,43,62,2.037,2,3,2,2209,0,0,2,2
2,1,5.339e+05,38.5,40,16,1,1,1,1,2,1,1,1.7551,1.5825,4.7075,3,2,37,67,2.037,3.0196,1,2,0,0,0,2,2
1,1,5.3389e+05,38.168,120,70,4,2.0173,4,2,2,4,2.2664,1.7551,1.5825,4.7075,2.7576,5,55,65,2.037,3.0196,3,2,3205,0,0,2,2
2,1,5.277e+05,37.2,72,24,3,2,4,2,4,3,3,3,1,4.7075,4,4,44,24.457,3,3.3,3,1,2208,0,0,1,1
1,1,5.2939e+05,37.5,72,30,4,3,4,1,4,4,3,2,1,4.7075,3,5,60,6.8,2.037,3.0196,2,1,3205,0,0,2,2
1,1,5.3061e+05,36.5,100,24,3,3,3,1,3,3,3,3,1,4.7075,4,4,50,6,3,3.4,1,1,2208,0,0,1,1
1,1,5.3462e+05,37.2,40,20,2.3484,2.0173,2.8538,1.306,2.951,2.918,2.2664,1.7551,1.5825,4.7075,4,1,36,62,1,1,3,2,6112,0,0,2,2
2,1,5.2863e+05,38.5,54,20,2.3898,1,2,2,3,4,1,2,2,5.9,2.881,2,42,6.3,2.0769,2.7129,1,2,3111,0,0,1,1
2,1,5.2795e+05,37.6,48,36,2.3898,1.7222,1,1,2.7333,3,2.0508,1.6585,1.7317,5.8062,2.881,3.814,44,6.3,1,5,1,2,3111,0,0,1,1
1,1,5.3526e+05,37.7,44,28,2.3898,4,3,2,5,4,4,1,1,5.8062,3,5,45,70,3,2,1,1,3205,0,0,2,2
1,1,5.3452e+05,37,56,24,3,1,4,2,4,4,3,1,1,5.8062,2.881,3.814,35,61,3,2,3,2,2205,2208,0,2,2
2,1,5.2893e+05,38,42,12,3,1.7222,3,1,1,2.8667,1,1.6585,1.7317,5.8062,2.881,2,37,5.8,2.0769,2.7129,1,2,3111,0,0,2,2
1,1,5.3492e+05,37.998,60,40,3,1.7222,1,1,2.7333,4,2.0508,3,2,5.8062,2.881,5,42,72,2.0769,2.7129,1,1,3111,0,0,2,2
2,1,5.2764e+05,38.4,80,60,3,2,2,1,3,2,1,2,2,5.8062,1,1,54,6.9,2.0769,2.7129,1,2,0,0,0,2,2
2,1,5.2798e+06,37.8,48,12,2,1,2,1,3,2.8667,1,2,1.7317,5.8062,2,3.814,48,7.3,1,2.7129,1,2,0,0,0,1,1
1.4925,1,5.3479e+05,38,65,40,2.3898,1,4,2,2,2.8667,2.0508,1.6585,1.7317,5.8062,2.881,5,42.773,26.217,2.0769,2.7129,1.4179,1,3111,3205,0,2,2
2,1,5.2752e+06,37.9,45,36,3,3,3,2,2,3,1,2,1,5.8062,3,3.814,33,5.7,3,2.7129,1,1,2205,0,0,1,1
2,1,5.2783e+06,39,84,12,3,1,5,1,2,4,2,1,2,7,2.881,4,62,5.9,2,2.2,2,1,2208,0,0,1,1
2,1,5.2896e+05,38.2,60,24,3,1,3,2,3,3,2,3,3,5.8062,4,4,53,7.5,2,1.4,1,2,1124,0,0,1,1
1,1,5.3492e+05,37.998,140,30.982,2.3898,1.7222,4,2,5,4,4,1,1,5.8062,2.881,5,30,69,2.0769,2.7129,2,2,6112,0,0,2,2
1,1,5.29e+05,37.9,120,60,3,3,3,1,5,4,4,2,2,7.5,4,5,52,6.6,3,1.8,2,1,3205,0,0,1,1
2,1,5.2807e+05,38,72,36,1,1,3,1,3,2.8667,2,2,1,5.8062,3,5,38,6.8,2,2,1,2,3124,0,0,1,1
2,9,5.2913e+06,38,92,28,1,1,2,1,1,3,2,3,1.7317,7.2,2.881,3.814,37,6.1,1,1.1,1,2,0,0,0,1,1
1,1,5.2948e+05,38.3,66,30,2,3,1,1,2,4,3,3,2,8.5,4,5,37,6,2.0769,2.7129,1,1,5111,0,0,2,2
2,1,5.2999e+05,37.5,48,24,3,1,1,1,2,1,2.0508,1,1,5.8062,3,2,43,6,1,2.8,1,2,7111,0,0,1,1
1,1,5.3003e+05,37.5,88,20,2,3,3,1,4,3,3,1.6585,1.7317,5.8062,2.881,3.814,35,6.4,1,2.7129,2,1,2205,0,0,2,2
2,9,5.299e+06,37.998,150,60,4,4,4,2,5,4,4,1.6585,1.7317,5.8062,2.881,3.814,42.773,26.217,2.0769,2.7129,2,1,1400,0,0,2,2
1,1,5.345e+05,39.7,100,30,2.3898,1.7222,6,2,4,4,3,1,1.7317,5.8062,4,5,65,75,2.0769,2.7129,3,1,3205,0,0,2,2
1,1,5.2837e+05,38.3,80,30.982,3,3,4,2,5,4,3,2,1,5.8062,4,4,45,7.5,2,4.6,1,1,3209,0,0,1,1
2,1,5.3011e+05,37.5,40,32,3,1,3,1,3,2,3,2,1,5.8062,2.881,5,32,6.4,1,1.1,1,1,3124,0,0,1,1
1,1,5.3024e+05,38.4,84,30,3,1,5,2,4,3,3,2,3,6.5,4,4,47,7.5,3,2.7129,2,1,6111,0,0,2,2
1,1,5.3051e+05,38.1,84,44,4,1.7222,4,2,5,3,1,1,3,5,2.881,4,60,6.8,2.0769,5.7,2,1,2209,0,0,1,1
2,1,5.2957e+05,38.7,52,30.982,1,1,1,1,1,3,1,1.6585,1.7317,5.8062,1,3,4,74,2.0769,2.7129,1,2,0,0,0,2,2
2,1,5.296e+05,38.1,44,40,2,1,3,1,3,3,1,1.6585,1.7317,5.8062,1,3,35,6.8,2.0769,2.7129,1,2,0,0,0,2,2
2,1,5.3443e+05,38.4,52,20,2,1,3,1,1,3,2,2,1,5.8062,3,5,41,63,1,1,1,2,0,0,0,2,2
1,1,5.2963e+05,38.2,60,30.982,1,1.7222,3,1,2,1,1,1,1,5.8062,4,4,43,6.2,2,3.9,1,1,2206,0,0,1,1
2,1,5.2838e+05,37.7,40,18,1,1,1,1.2903,3,2,1,1,1,5.8062,3,3,36,3.5,2.0769,2.7129,1,2,400,0,0,2,2
1,1,5.349e+05,39.1,60,10,2.3898,1,1,1.2903,2,3,2.0508,1.6585,1.7317,5.8062,4,4,42.773,26.217,2.0769,2.7129,1,1,2113,0,0,2,2
2,1,5.2962e+05,37.8,48,16,1,1,1,1,2.7333,1,1,2,1,5.8062,4,3,43,7.5,2.0769,2.7129,1,2,0,0,0,2,2
1,1,5.2609e+05,39,120,30.982,4,3,5,2,2,4,3,2,3,8,2.881,3.814,65,8.2,3,4.6,1,2,5110,0,0,2,2
1,1,5.2977e+05,38.2,76,30.982,2,3,2,1,5,3,3,1,2,6,1,5,35,6.5,2,0.9,1,1,3205,0,0,1,1
2,1,5.2831e+05,38.3,88,30.982,2.3898,1.7222,6,1.2903,2.7333,2.8667,2.0508,1.6585,1.7317,5.8062,2.881,3.814,42.773,26.217,2.0769,2.7129,2,2,2300,0,0,2,2
1,1,5.2993e+05,38,80,30,3,3,3,1,2.7333,2.8667,2.0508,1.6585,1.7317,6,2.881,3.814,48,8.3,2.0769,4.3,1,1,2111,0,0,2,2
1,1,5.2781e+05,37.998,65.924,30.982,3,1,1,1,2,3,3,1,3,6,4,4,42.773,26.217,2,2.7129,2,1,2113,0,0,1,1
1,1,5.2814e+06,37.6,40,30.982,1,1,1,1,1,1,1,1.6585,1.7317,5.8062,1,1,42.773,26.217,2,2.1,1,1,31110,0,0,1,1
2,1,5.307e+05,37.5,44,30.982,1,1,1,1,3,3,2,1.6585,1.7317,5.8062,2.881,3.814,45,5.8,2,1.4,1,2,3111,0,0,1,1
2,1,5.3389e+05,38.2,42,16,1,1,3,1,1,3,1,1.6585,1.7317,5.8062,1,3.814,35,60,1,1,1,2,0,0,0,2,2
2,1,5.3382e+05,38,56,44,3,3,3,1.2903,2.7333,1,1,2,1,5.8062,4,3.814,47,70,2,1,1,2,0,0,0,2,2
2,1,5.2766e+05,38.3,45,20,3,3,2,2,2,4,1,2,1.7317,5.8062,4,3.814,42.773,26.217,2.0769,2.7129,1,2,0,0,0,2,2
1,1,5.2625e+06,37.998,48,96,1,1,3,1,2.7333,4,1,2,1,5.8062,1,4,42,8,1,2.7129,1,1,2208,0,0,2,2
1,1,5.2827e+05,37.7,55,28,2,1,2,1,2,3,3,1.6585,3,5,4,5,42.773,26.217,2.0769,2.7129,1,1,3209,0,0,2,2
2,1,5.2892e+05,36,100,20,4,3,6,2,2,4,3,1,1,5.8062,4,5,74,5.7,2,2.5,3,1,3205,0,0,1,1
1,1,5.2749e+05,37.1,60,20,2,1.7222,4,1,3,2.8667,3,1.6585,2,5,3,4,64,8.5,2,2.7129,1,1,7111,0,0,1,1
2,1,5.2998e+05,37.1,114,40,3,1.7222,3,2,2,2,1,1.6585,1.7317,5.8062,2.881,3,32,26.217,3,6.5,1,2,400,0,0,2,2
1,1,5.3395e+05,38.1,72,30,3,3,3,1,4,4,3,2,1,5.8062,3,5,37,56,3,1,1,1,4206,0,0,2,2
1,1,5.2811e+06,37,44,12,3,1,1,2,1,1,1,1.6585,1.7317,5.8062,4,2,40,6.7,3,8,1,1,2208,0,0,2,2
1,1,5.3469e+05,38.6,48,20,3,1,1,1,4,3,1,1.6585,1.7317,5.8062,3,3.814,37,75,2.0769,2.7129,1,1,3111,0,0,2,2
1,1,5.3448e+05,37.998,82,72,3,1,4,1,2,3,3,1.6585,3,5.8062,4,4,53,65,3,2,3,1,2209,3205,0,2,2
1,9,5.2749e+06,38.2,78,60,4,4,6,1.2903,3,3,3,1.6585,1.7317,5.8062,1,3.814,59,5.8,3,3.1,2,1,1400,0,0,1,1
2,1,5.3382e+05,37.8,60,16,1,1,3,1,2,3,2,1,2,5.8062,3,3.814,41,73,2.0769,2.7129,3,2,4124,0,0,2,2
1,1,5.3416e+05,38.7,34,30,2,1.7222,3,1,2,3,2.0508,1.6585,1.7317,5.8062,2.881,3.814,33,69,2.0769,2,3,1,7113,0,0,2,2
1,1,5.1428e+05,37.998,36,12,1,1,1,1,1,2,1,1,1,5.8062,1,5,44,26.217,2.0769,2.7129,1,1,31110,0,0,1,1
2,1,5.2843e+05,38.3,44,60,2.3898,1.7222,1,1,2.7333,2.8667,2.0508,1.6585,1.7317,5.8062,2.881,3.814,6.4,36,2.0769,2.7129,1,1,0,0,0,2,2
2,1,5.2747e+05,37.4,54,18,3,1.7222,1,1,3,4,3,2,2,5.8062,4,5,30,7.1,2,2.7129,1,1,7111,0,0,1,1
1,1,5.3427e+05,37.998,65.924,30.982,4,3,2.7612,2,2,4,1,1.6585,1.7317,5.8062,2.881,3.814,54,76,3,2,1,1,8405,0,0,2,2
1,1,5.3534e+05,36.6,48,16,3,1,3,1,4,1,1,1,1,5.8062,2.881,3.814,27,56,2.0769,2.7129,3,1,4206,0,0,2,2
1,1,5.3411e+05,38.5,90,30.982,1,1,3,1,3,3,3,2,3,2,4,5,47,79,2.0769,2.7129,1,1,6112,0,0,2,2
1,1,5.3058e+05,37.998,75,12,1,1,4,1,5,3,3,1.6585,3,5.8,2.881,3.814,58,8.5,1,2.7129,1,1,2209,0,0,1,1
2,1,5.2993e+05,38.2,42,30.982,3,1,1,1,1,1,2,2,1,5.8062,3,2,35,5.9,2,2.7129,1,2,3113,0,0,2,2
1,9,5.2749e+06,38.2,78,60,4,4,6,1.2903,3,3,3,1.6585,1.7317,5.8062,1,3.814,59,5.8,3,3.1,2,1,2205,0,0,1,1
2,1,5.297e+05,38.6,60,30,1,1,3,1,4,2,2,1,1,5.8062,2.881,3.814,40,6,1,2.7129,1,1,3205,0,0,2,2
2,1,5.2845e+05,37.8,42,40,1,1,1,1,1,3,1,1.6585,1.7317,5.8062,3,3,36,6.2,2.0769,2.7129,1,2,4124,0,0,2,2
1,1,5.3478e+05,38,60,12,1,1,2,1,2,1,1,1,1,5.8062,1,4,44,65,3,2,3,1,2209,0,0,2,2
2,1,5.2893e+05,38,42,12,3,1.7222,3,1,1,1,1,1.6585,1.7317,5.8062,2.881,1,37,5.8,2.0769,2.7129,1,2,3111,0,0,2,2
2,1,5.3067e+05,37.6,88,36,3,1,1,1,3,3,2,1,3,1.5,2.881,3.814,44,6,2.0769,2.7129,2,1,2112,0,0,2,2
